model,scenario,region,variable,unit,year,value
EarthCommissionStylized,3S,World,Emissions|CO2,Mt CO2/yr,2015,40200
EarthCommissionStylized,3S,World,Emissions|CO2,Mt CO2/yr,2016,39100
EarthCommissionStylized,3S,World,Emissions|CO2,Mt CO2/yr,2017,39500
EarthCommissionStylized,3S,World,Emissions|CO2,Mt CO2/yr,2018,39800
EarthCommissionStylized,3S,World,Emissions|CO2,Mt CO2/yr,2019,39800
EarthCommissionStylized,3S,World,Emissions|CO2,Mt CO2/yr,2020,37800
EarthCommissionStylized,3S,World,Emissions|CO2,Mt CO2/yr,2021,39900
EarthCommissionStylized,3S,World,Emissions|CO2,Mt CO2/yr,2022,39800
EarthCommissionStylized,3S,World,Emissions|CO2,Mt CO2/yr,2023,39866.666666666664
EarthCommissionStylized,3S,World,Emissions|CO2,Mt CO2/yr,2024,39933.333333333336
EarthCommissionStylized,3S,World,Emissions|CO2,Mt CO2/yr,2025,40000
EarthCommissionStylized,3S,World,Emissions|CO2,Mt CO2/yr,2026,37142.857142857145
EarthCommissionStylized,3S,World,Emissions|CO2,Mt CO2/yr,2027,34285.71428571429
EarthCommissionStylized,3S,World,Emissions|CO2,Mt CO2/yr,2028,31428.571428571428
EarthCommissionStylized,3S,World,Emissions|CO2,Mt CO2/yr,2029,28571.428571428572
EarthCommissionStylized,3S,World,Emissions|CO2,Mt CO2/yr,2030,25714.285714285714
EarthCommissionStylized,3S,World,Emissions|CO2,Mt CO2/yr,2031,22857.14285714286
EarthCommissionStylized,3S,World,Emissions|CO2,Mt CO2/yr,2032,20000
EarthCommissionStylized,3S,World,Emissions|CO2,Mt CO2/yr,2033,18333.333333333332
EarthCommissionStylized,3S,World,Emissions|CO2,Mt CO2/yr,2034,16666.666666666668
EarthCommissionStylized,3S,World,Emissions|CO2,Mt CO2/yr,2035,15000
EarthCommissionStylized,3S,World,Emissions|CO2,Mt CO2/yr,2036,13333.333333333334
EarthCommissionStylized,3S,World,Emissions|CO2,Mt CO2/yr,2037,11666.666666666666
EarthCommissionStylized,3S,World,Emissions|CO2,Mt CO2/yr,2038,10000
EarthCommissionStylized,3S,World,Emissions|CO2,Mt CO2/yr,2039,8571.428571428572
EarthCommissionStylized,3S,World,Emissions|CO2,Mt CO2/yr,2040,7142.857142857143
EarthCommissionStylized,3S,World,Emissions|CO2,Mt CO2/yr,2041,5714.285714285715
EarthCommissionStylized,3S,World,Emissions|CO2,Mt CO2/yr,2042,4285.714285714286
EarthCommissionStylized,3S,World,Emissions|CO2,Mt CO2/yr,2043,2857.142857142857
EarthCommissionStylized,3S,World,Emissions|CO2,Mt CO2/yr,2044,1428.5714285714294
EarthCommissionStylized,3S,World,Emissions|CO2,Mt CO2/yr,2045,0
EarthCommissionStylized,3S,World,Emissions|CO2,Mt CO2/yr,2046,-200
EarthCommissionStylized,3S,World,Emissions|CO2,Mt CO2/yr,2047,-400
EarthCommissionStylized,3S,World,Emissions|CO2,Mt CO2/yr,2048,-600
EarthCommissionStylized,3S,World,Emissions|CO2,Mt CO2/yr,2049,-800
EarthCommissionStylized,3S,World,Emissions|CO2,Mt CO2/yr,2050,-1000
EarthCommissionStylized,3S,World,Emissions|CO2,Mt CO2/yr,2051,-1200
EarthCommissionStylized,3S,World,Emissions|CO2,Mt CO2/yr,2052,-1400.0000000000002
EarthCommissionStylized,3S,World,Emissions|CO2,Mt CO2/yr,2053,-1600
EarthCommissionStylized,3S,World,Emissions|CO2,Mt CO2/yr,2054,-1800
EarthCommissionStylized,3S,World,Emissions|CO2,Mt CO2/yr,2055,-2000
EarthCommissionStylized,3S,World,Emissions|CO2,Mt CO2/yr,2056,-2200
EarthCommissionStylized,3S,World,Emissions|CO2,Mt CO2/yr,2057,-2400
EarthCommissionStylized,3S,World,Emissions|CO2,Mt CO2/yr,2058,-2600
EarthCommissionStylized,3S,World,Emissions|CO2,Mt CO2/yr,2059,-2800.0000000000005
EarthCommissionStylized,3S,World,Emissions|CO2,Mt CO2/yr,2060,-3000
EarthCommissionStylized,3S,World,Emissions|CO2,Mt CO2/yr,2061,-3200
EarthCommissionStylized,3S,World,Emissions|CO2,Mt CO2/yr,2062,-3400.0000000000005
EarthCommissionStylized,3S,World,Emissions|CO2,Mt CO2/yr,2063,-3600
EarthCommissionStylized,3S,World,Emissions|CO2,Mt CO2/yr,2064,-3800
EarthCommissionStylized,3S,World,Emissions|CO2,Mt CO2/yr,2065,-4000
EarthCommissionStylized,3S,World,Emissions|CO2,Mt CO2/yr,2066,-4200
EarthCommissionStylized,3S,World,Emissions|CO2,Mt CO2/yr,2067,-4400
EarthCommissionStylized,3S,World,Emissions|CO2,Mt CO2/yr,2068,-4600
EarthCommissionStylized,3S,World,Emissions|CO2,Mt CO2/yr,2069,-4800
EarthCommissionStylized,3S,World,Emissions|CO2,Mt CO2/yr,2070,-5000
EarthCommissionStylized,3S,World,Emissions|CO2,Mt CO2/yr,2071,-5000
EarthCommissionStylized,3S,World,Emissions|CO2,Mt CO2/yr,2072,-5000
EarthCommissionStylized,3S,World,Emissions|CO2,Mt CO2/yr,2073,-5000
EarthCommissionStylized,3S,World,Emissions|CO2,Mt CO2/yr,2074,-5000
EarthCommissionStylized,3S,World,Emissions|CO2,Mt CO2/yr,2075,-5000
EarthCommissionStylized,3S,World,Emissions|CO2,Mt CO2/yr,2076,-5000
EarthCommissionStylized,3S,World,Emissions|CO2,Mt CO2/yr,2077,-5000
EarthCommissionStylized,3S,World,Emissions|CO2,Mt CO2/yr,2078,-5000
EarthCommissionStylized,3S,World,Emissions|CO2,Mt CO2/yr,2079,-5000
EarthCommissionStylized,3S,World,Emissions|CO2,Mt CO2/yr,2080,-5000
EarthCommissionStylized,3S,World,Emissions|CO2,Mt CO2/yr,2081,-5000
EarthCommissionStylized,3S,World,Emissions|CO2,Mt CO2/yr,2082,-5000
EarthCommissionStylized,3S,World,Emissions|CO2,Mt CO2/yr,2083,-5000
EarthCommissionStylized,3S,World,Emissions|CO2,Mt CO2/yr,2084,-5000
EarthCommissionStylized,3S,World,Emissions|CO2,Mt CO2/yr,2085,-5000
EarthCommissionStylized,3S,World,Emissions|CO2,Mt CO2/yr,2086,-5000
EarthCommissionStylized,3S,World,Emissions|CO2,Mt CO2/yr,2087,-5000
EarthCommissionStylized,3S,World,Emissions|CO2,Mt CO2/yr,2088,-5000
EarthCommissionStylized,3S,World,Emissions|CO2,Mt CO2/yr,2089,-5000
EarthCommissionStylized,3S,World,Emissions|CO2,Mt CO2/yr,2090,-5000
EarthCommissionStylized,3S,World,Emissions|CO2,Mt CO2/yr,2091,-5000
EarthCommissionStylized,3S,World,Emissions|CO2,Mt CO2/yr,2092,-5000
EarthCommissionStylized,3S,World,Emissions|CO2,Mt CO2/yr,2093,-5000
EarthCommissionStylized,3S,World,Emissions|CO2,Mt CO2/yr,2094,-5000
EarthCommissionStylized,3S,World,Emissions|CO2,Mt CO2/yr,2095,-5000
EarthCommissionStylized,3S,World,Emissions|CO2,Mt CO2/yr,2096,-5000
EarthCommissionStylized,3S,World,Emissions|CO2,Mt CO2/yr,2097,-5000
EarthCommissionStylized,3S,World,Emissions|CO2,Mt CO2/yr,2098,-5000
EarthCommissionStylized,3S,World,Emissions|CO2,Mt CO2/yr,2099,-5000
EarthCommissionStylized,3S,World,Emissions|CO2,Mt CO2/yr,2100,-5000
EarthCommissionStylized,3S,World,Emissions|CO2,Mt CO2/yr,2101,-5000
EarthCommissionStylized,3S,World,Emissions|CO2,Mt CO2/yr,2102,-5000
EarthCommissionStylized,3S,World,Emissions|CO2,Mt CO2/yr,2103,-5000
EarthCommissionStylized,3S,World,Emissions|CO2,Mt CO2/yr,2104,-5000
EarthCommissionStylized,3S,World,Emissions|CO2,Mt CO2/yr,2105,-5000
EarthCommissionStylized,3S,World,Emissions|CO2,Mt CO2/yr,2106,-5000
EarthCommissionStylized,3S,World,Emissions|CO2,Mt CO2/yr,2107,-5000
EarthCommissionStylized,3S,World,Emissions|CO2,Mt CO2/yr,2108,-5000
EarthCommissionStylized,3S,World,Emissions|CO2,Mt CO2/yr,2109,-5000
EarthCommissionStylized,3S,World,Emissions|CO2,Mt CO2/yr,2110,-5000
EarthCommissionStylized,3S,World,Emissions|CO2,Mt CO2/yr,2111,-5000
EarthCommissionStylized,3S,World,Emissions|CO2,Mt CO2/yr,2112,-5000
EarthCommissionStylized,3S,World,Emissions|CO2,Mt CO2/yr,2113,-5000
EarthCommissionStylized,3S,World,Emissions|CO2,Mt CO2/yr,2114,-5000
EarthCommissionStylized,3S,World,Emissions|CO2,Mt CO2/yr,2115,-5000
EarthCommissionStylized,3S,World,Emissions|CO2,Mt CO2/yr,2116,-5000
EarthCommissionStylized,3S,World,Emissions|CO2,Mt CO2/yr,2117,-5000
EarthCommissionStylized,3S,World,Emissions|CO2,Mt CO2/yr,2118,-5000
EarthCommissionStylized,3S,World,Emissions|CO2,Mt CO2/yr,2119,-5000
EarthCommissionStylized,3S,World,Emissions|CO2,Mt CO2/yr,2120,-5000
EarthCommissionStylized,3S,World,Emissions|CO2,Mt CO2/yr,2121,-5000
EarthCommissionStylized,3S,World,Emissions|CO2,Mt CO2/yr,2122,-5000
EarthCommissionStylized,3S,World,Emissions|CO2,Mt CO2/yr,2123,-5000
EarthCommissionStylized,3S,World,Emissions|CO2,Mt CO2/yr,2124,-5000
EarthCommissionStylized,3S,World,Emissions|CO2,Mt CO2/yr,2125,-5000
EarthCommissionStylized,3S,World,Emissions|CO2,Mt CO2/yr,2126,-5000
EarthCommissionStylized,3S,World,Emissions|CO2,Mt CO2/yr,2127,-5000
EarthCommissionStylized,3S,World,Emissions|CO2,Mt CO2/yr,2128,-5000
EarthCommissionStylized,3S,World,Emissions|CO2,Mt CO2/yr,2129,-5000
EarthCommissionStylized,3S,World,Emissions|CO2,Mt CO2/yr,2130,-5000
EarthCommissionStylized,3S,World,Emissions|CO2,Mt CO2/yr,2131,-5000
EarthCommissionStylized,3S,World,Emissions|CO2,Mt CO2/yr,2132,-5000
EarthCommissionStylized,3S,World,Emissions|CO2,Mt CO2/yr,2133,-5000
EarthCommissionStylized,3S,World,Emissions|CO2,Mt CO2/yr,2134,-5000
EarthCommissionStylized,3S,World,Emissions|CO2,Mt CO2/yr,2135,-5000
EarthCommissionStylized,3S,World,Emissions|CO2,Mt CO2/yr,2136,-5000
EarthCommissionStylized,3S,World,Emissions|CO2,Mt CO2/yr,2137,-5000
EarthCommissionStylized,3S,World,Emissions|CO2,Mt CO2/yr,2138,-5000
EarthCommissionStylized,3S,World,Emissions|CO2,Mt CO2/yr,2139,-5000
EarthCommissionStylized,3S,World,Emissions|CO2,Mt CO2/yr,2140,-5000
EarthCommissionStylized,3S,World,Emissions|CO2,Mt CO2/yr,2141,-5000
EarthCommissionStylized,3S,World,Emissions|CO2,Mt CO2/yr,2142,-5000
EarthCommissionStylized,3S,World,Emissions|CO2,Mt CO2/yr,2143,-5000
EarthCommissionStylized,3S,World,Emissions|CO2,Mt CO2/yr,2144,-5000
EarthCommissionStylized,3S,World,Emissions|CO2,Mt CO2/yr,2145,-5000
EarthCommissionStylized,3S,World,Emissions|CO2,Mt CO2/yr,2146,-5000
EarthCommissionStylized,3S,World,Emissions|CO2,Mt CO2/yr,2147,-5000
EarthCommissionStylized,3S,World,Emissions|CO2,Mt CO2/yr,2148,-5000
EarthCommissionStylized,3S,World,Emissions|CO2,Mt CO2/yr,2149,-5000
EarthCommissionStylized,3S,World,Emissions|CO2,Mt CO2/yr,2150,-5000
EarthCommissionStylized,DELAY,World,Emissions|CO2,Mt CO2/yr,2015,40200
EarthCommissionStylized,DELAY,World,Emissions|CO2,Mt CO2/yr,2016,39100
EarthCommissionStylized,DELAY,World,Emissions|CO2,Mt CO2/yr,2017,39500
EarthCommissionStylized,DELAY,World,Emissions|CO2,Mt CO2/yr,2018,39800
EarthCommissionStylized,DELAY,World,Emissions|CO2,Mt CO2/yr,2019,39800
EarthCommissionStylized,DELAY,World,Emissions|CO2,Mt CO2/yr,2020,37800
EarthCommissionStylized,DELAY,World,Emissions|CO2,Mt CO2/yr,2021,39900
EarthCommissionStylized,DELAY,World,Emissions|CO2,Mt CO2/yr,2022,39800
EarthCommissionStylized,DELAY,World,Emissions|CO2,Mt CO2/yr,2023,39866.666666666664
EarthCommissionStylized,DELAY,World,Emissions|CO2,Mt CO2/yr,2024,39933.333333333336
EarthCommissionStylized,DELAY,World,Emissions|CO2,Mt CO2/yr,2025,40000
EarthCommissionStylized,DELAY,World,Emissions|CO2,Mt CO2/yr,2026,40000
EarthCommissionStylized,DELAY,World,Emissions|CO2,Mt CO2/yr,2027,40000
EarthCommissionStylized,DELAY,World,Emissions|CO2,Mt CO2/yr,2028,40000
EarthCommissionStylized,DELAY,World,Emissions|CO2,Mt CO2/yr,2029,40000
EarthCommissionStylized,DELAY,World,Emissions|CO2,Mt CO2/yr,2030,40000
EarthCommissionStylized,DELAY,World,Emissions|CO2,Mt CO2/yr,2031,40000
EarthCommissionStylized,DELAY,World,Emissions|CO2,Mt CO2/yr,2032,40000
EarthCommissionStylized,DELAY,World,Emissions|CO2,Mt CO2/yr,2033,40000
EarthCommissionStylized,DELAY,World,Emissions|CO2,Mt CO2/yr,2034,40000
EarthCommissionStylized,DELAY,World,Emissions|CO2,Mt CO2/yr,2035,40000
EarthCommissionStylized,DELAY,World,Emissions|CO2,Mt CO2/yr,2036,39384.61538461538
EarthCommissionStylized,DELAY,World,Emissions|CO2,Mt CO2/yr,2037,38769.230769230766
EarthCommissionStylized,DELAY,World,Emissions|CO2,Mt CO2/yr,2038,38153.846153846156
EarthCommissionStylized,DELAY,World,Emissions|CO2,Mt CO2/yr,2039,37538.46153846154
EarthCommissionStylized,DELAY,World,Emissions|CO2,Mt CO2/yr,2040,36923.07692307692
EarthCommissionStylized,DELAY,World,Emissions|CO2,Mt CO2/yr,2041,36307.692307692305
EarthCommissionStylized,DELAY,World,Emissions|CO2,Mt CO2/yr,2042,35692.307692307695
EarthCommissionStylized,DELAY,World,Emissions|CO2,Mt CO2/yr,2043,35076.92307692308
EarthCommissionStylized,DELAY,World,Emissions|CO2,Mt CO2/yr,2044,34461.53846153846
EarthCommissionStylized,DELAY,World,Emissions|CO2,Mt CO2/yr,2045,33846.153846153844
EarthCommissionStylized,DELAY,World,Emissions|CO2,Mt CO2/yr,2046,33230.769230769234
EarthCommissionStylized,DELAY,World,Emissions|CO2,Mt CO2/yr,2047,32615.384615384617
EarthCommissionStylized,DELAY,World,Emissions|CO2,Mt CO2/yr,2048,32000
EarthCommissionStylized,DELAY,World,Emissions|CO2,Mt CO2/yr,2049,31384.615384615383
EarthCommissionStylized,DELAY,World,Emissions|CO2,Mt CO2/yr,2050,30769.23076923077
EarthCommissionStylized,DELAY,World,Emissions|CO2,Mt CO2/yr,2051,30153.846153846152
EarthCommissionStylized,DELAY,World,Emissions|CO2,Mt CO2/yr,2052,29538.46153846154
EarthCommissionStylized,DELAY,World,Emissions|CO2,Mt CO2/yr,2053,28923.076923076922
EarthCommissionStylized,DELAY,World,Emissions|CO2,Mt CO2/yr,2054,28307.692307692305
EarthCommissionStylized,DELAY,World,Emissions|CO2,Mt CO2/yr,2055,27692.30769230769
EarthCommissionStylized,DELAY,World,Emissions|CO2,Mt CO2/yr,2056,27076.923076923078
EarthCommissionStylized,DELAY,World,Emissions|CO2,Mt CO2/yr,2057,26461.53846153846
EarthCommissionStylized,DELAY,World,Emissions|CO2,Mt CO2/yr,2058,25846.153846153844
EarthCommissionStylized,DELAY,World,Emissions|CO2,Mt CO2/yr,2059,25230.76923076923
EarthCommissionStylized,DELAY,World,Emissions|CO2,Mt CO2/yr,2060,24615.384615384617
EarthCommissionStylized,DELAY,World,Emissions|CO2,Mt CO2/yr,2061,24000
EarthCommissionStylized,DELAY,World,Emissions|CO2,Mt CO2/yr,2062,23384.615384615383
EarthCommissionStylized,DELAY,World,Emissions|CO2,Mt CO2/yr,2063,22769.23076923077
EarthCommissionStylized,DELAY,World,Emissions|CO2,Mt CO2/yr,2064,22153.846153846152
EarthCommissionStylized,DELAY,World,Emissions|CO2,Mt CO2/yr,2065,21538.46153846154
EarthCommissionStylized,DELAY,World,Emissions|CO2,Mt CO2/yr,2066,20923.076923076922
EarthCommissionStylized,DELAY,World,Emissions|CO2,Mt CO2/yr,2067,20307.692307692305
EarthCommissionStylized,DELAY,World,Emissions|CO2,Mt CO2/yr,2068,19692.307692307695
EarthCommissionStylized,DELAY,World,Emissions|CO2,Mt CO2/yr,2069,19076.923076923074
EarthCommissionStylized,DELAY,World,Emissions|CO2,Mt CO2/yr,2070,18461.53846153846
EarthCommissionStylized,DELAY,World,Emissions|CO2,Mt CO2/yr,2071,17846.153846153844
EarthCommissionStylized,DELAY,World,Emissions|CO2,Mt CO2/yr,2072,17230.76923076923
EarthCommissionStylized,DELAY,World,Emissions|CO2,Mt CO2/yr,2073,16615.384615384613
EarthCommissionStylized,DELAY,World,Emissions|CO2,Mt CO2/yr,2074,16000
EarthCommissionStylized,DELAY,World,Emissions|CO2,Mt CO2/yr,2075,15384.615384615383
EarthCommissionStylized,DELAY,World,Emissions|CO2,Mt CO2/yr,2076,14769.23076923077
EarthCommissionStylized,DELAY,World,Emissions|CO2,Mt CO2/yr,2077,14153.846153846152
EarthCommissionStylized,DELAY,World,Emissions|CO2,Mt CO2/yr,2078,13538.461538461539
EarthCommissionStylized,DELAY,World,Emissions|CO2,Mt CO2/yr,2079,12923.076923076922
EarthCommissionStylized,DELAY,World,Emissions|CO2,Mt CO2/yr,2080,12307.692307692309
EarthCommissionStylized,DELAY,World,Emissions|CO2,Mt CO2/yr,2081,11692.307692307691
EarthCommissionStylized,DELAY,World,Emissions|CO2,Mt CO2/yr,2082,11076.923076923078
EarthCommissionStylized,DELAY,World,Emissions|CO2,Mt CO2/yr,2083,10461.538461538461
EarthCommissionStylized,DELAY,World,Emissions|CO2,Mt CO2/yr,2084,9846.153846153848
EarthCommissionStylized,DELAY,World,Emissions|CO2,Mt CO2/yr,2085,9230.76923076923
EarthCommissionStylized,DELAY,World,Emissions|CO2,Mt CO2/yr,2086,8615.384615384617
EarthCommissionStylized,DELAY,World,Emissions|CO2,Mt CO2/yr,2087,8000
EarthCommissionStylized,DELAY,World,Emissions|CO2,Mt CO2/yr,2088,7384.615384615387
EarthCommissionStylized,DELAY,World,Emissions|CO2,Mt CO2/yr,2089,6769.230769230766
EarthCommissionStylized,DELAY,World,Emissions|CO2,Mt CO2/yr,2090,6153.846153846156
EarthCommissionStylized,DELAY,World,Emissions|CO2,Mt CO2/yr,2091,5538.461538461539
EarthCommissionStylized,DELAY,World,Emissions|CO2,Mt CO2/yr,2092,4923.076923076922
EarthCommissionStylized,DELAY,World,Emissions|CO2,Mt CO2/yr,2093,4307.692307692305
EarthCommissionStylized,DELAY,World,Emissions|CO2,Mt CO2/yr,2094,3692.307692307695
EarthCommissionStylized,DELAY,World,Emissions|CO2,Mt CO2/yr,2095,3076.923076923078
EarthCommissionStylized,DELAY,World,Emissions|CO2,Mt CO2/yr,2096,2461.538461538461
EarthCommissionStylized,DELAY,World,Emissions|CO2,Mt CO2/yr,2097,1846.153846153844
EarthCommissionStylized,DELAY,World,Emissions|CO2,Mt CO2/yr,2098,1230.7692307692341
EarthCommissionStylized,DELAY,World,Emissions|CO2,Mt CO2/yr,2099,615.3846153846098
EarthCommissionStylized,DELAY,World,Emissions|CO2,Mt CO2/yr,2100,0
EarthCommissionStylized,DELAY,World,Emissions|CO2,Mt CO2/yr,2101,-400
EarthCommissionStylized,DELAY,World,Emissions|CO2,Mt CO2/yr,2102,-800
EarthCommissionStylized,DELAY,World,Emissions|CO2,Mt CO2/yr,2103,-1200
EarthCommissionStylized,DELAY,World,Emissions|CO2,Mt CO2/yr,2104,-1600
EarthCommissionStylized,DELAY,World,Emissions|CO2,Mt CO2/yr,2105,-2000
EarthCommissionStylized,DELAY,World,Emissions|CO2,Mt CO2/yr,2106,-2400
EarthCommissionStylized,DELAY,World,Emissions|CO2,Mt CO2/yr,2107,-2800.0000000000005
EarthCommissionStylized,DELAY,World,Emissions|CO2,Mt CO2/yr,2108,-3200
EarthCommissionStylized,DELAY,World,Emissions|CO2,Mt CO2/yr,2109,-3600
EarthCommissionStylized,DELAY,World,Emissions|CO2,Mt CO2/yr,2110,-4000
EarthCommissionStylized,DELAY,World,Emissions|CO2,Mt CO2/yr,2111,-4400
EarthCommissionStylized,DELAY,World,Emissions|CO2,Mt CO2/yr,2112,-4800
EarthCommissionStylized,DELAY,World,Emissions|CO2,Mt CO2/yr,2113,-5200
EarthCommissionStylized,DELAY,World,Emissions|CO2,Mt CO2/yr,2114,-5600.000000000001
EarthCommissionStylized,DELAY,World,Emissions|CO2,Mt CO2/yr,2115,-6000
EarthCommissionStylized,DELAY,World,Emissions|CO2,Mt CO2/yr,2116,-6400
EarthCommissionStylized,DELAY,World,Emissions|CO2,Mt CO2/yr,2117,-6800.000000000001
EarthCommissionStylized,DELAY,World,Emissions|CO2,Mt CO2/yr,2118,-7200
EarthCommissionStylized,DELAY,World,Emissions|CO2,Mt CO2/yr,2119,-7600
EarthCommissionStylized,DELAY,World,Emissions|CO2,Mt CO2/yr,2120,-8000
EarthCommissionStylized,DELAY,World,Emissions|CO2,Mt CO2/yr,2121,-8400
EarthCommissionStylized,DELAY,World,Emissions|CO2,Mt CO2/yr,2122,-8800
EarthCommissionStylized,DELAY,World,Emissions|CO2,Mt CO2/yr,2123,-9200
EarthCommissionStylized,DELAY,World,Emissions|CO2,Mt CO2/yr,2124,-9600
EarthCommissionStylized,DELAY,World,Emissions|CO2,Mt CO2/yr,2125,-10000
EarthCommissionStylized,DELAY,World,Emissions|CO2,Mt CO2/yr,2126,-10400
EarthCommissionStylized,DELAY,World,Emissions|CO2,Mt CO2/yr,2127,-10800
EarthCommissionStylized,DELAY,World,Emissions|CO2,Mt CO2/yr,2128,-11200.000000000002
EarthCommissionStylized,DELAY,World,Emissions|CO2,Mt CO2/yr,2129,-11600
EarthCommissionStylized,DELAY,World,Emissions|CO2,Mt CO2/yr,2130,-12000
EarthCommissionStylized,DELAY,World,Emissions|CO2,Mt CO2/yr,2131,-12400
EarthCommissionStylized,DELAY,World,Emissions|CO2,Mt CO2/yr,2132,-12800
EarthCommissionStylized,DELAY,World,Emissions|CO2,Mt CO2/yr,2133,-13200
EarthCommissionStylized,DELAY,World,Emissions|CO2,Mt CO2/yr,2134,-13600.000000000002
EarthCommissionStylized,DELAY,World,Emissions|CO2,Mt CO2/yr,2135,-14000
EarthCommissionStylized,DELAY,World,Emissions|CO2,Mt CO2/yr,2136,-14400
EarthCommissionStylized,DELAY,World,Emissions|CO2,Mt CO2/yr,2137,-14800
EarthCommissionStylized,DELAY,World,Emissions|CO2,Mt CO2/yr,2138,-15200
EarthCommissionStylized,DELAY,World,Emissions|CO2,Mt CO2/yr,2139,-15600
EarthCommissionStylized,DELAY,World,Emissions|CO2,Mt CO2/yr,2140,-16000
EarthCommissionStylized,DELAY,World,Emissions|CO2,Mt CO2/yr,2141,-16400
EarthCommissionStylized,DELAY,World,Emissions|CO2,Mt CO2/yr,2142,-16800
EarthCommissionStylized,DELAY,World,Emissions|CO2,Mt CO2/yr,2143,-17200
EarthCommissionStylized,DELAY,World,Emissions|CO2,Mt CO2/yr,2144,-17600
EarthCommissionStylized,DELAY,World,Emissions|CO2,Mt CO2/yr,2145,-18000
EarthCommissionStylized,DELAY,World,Emissions|CO2,Mt CO2/yr,2146,-18400
EarthCommissionStylized,DELAY,World,Emissions|CO2,Mt CO2/yr,2147,-18800
EarthCommissionStylized,DELAY,World,Emissions|CO2,Mt CO2/yr,2148,-19200
EarthCommissionStylized,DELAY,World,Emissions|CO2,Mt CO2/yr,2149,-19600
EarthCommissionStylized,DELAY,World,Emissions|CO2,Mt CO2/yr,2150,-20000
EarthCommissionStylized,ER,World,Emissions|CO2,Mt CO2/yr,2015,40200
EarthCommissionStylized,ER,World,Emissions|CO2,Mt CO2/yr,2016,39100
EarthCommissionStylized,ER,World,Emissions|CO2,Mt CO2/yr,2017,39500
EarthCommissionStylized,ER,World,Emissions|CO2,Mt CO2/yr,2018,39800
EarthCommissionStylized,ER,World,Emissions|CO2,Mt CO2/yr,2019,39800
EarthCommissionStylized,ER,World,Emissions|CO2,Mt CO2/yr,2020,37800
EarthCommissionStylized,ER,World,Emissions|CO2,Mt CO2/yr,2021,39900
EarthCommissionStylized,ER,World,Emissions|CO2,Mt CO2/yr,2022,39800
EarthCommissionStylized,ER,World,Emissions|CO2,Mt CO2/yr,2023,39866.666666666664
EarthCommissionStylized,ER,World,Emissions|CO2,Mt CO2/yr,2024,39933.333333333336
EarthCommissionStylized,ER,World,Emissions|CO2,Mt CO2/yr,2025,40000
EarthCommissionStylized,ER,World,Emissions|CO2,Mt CO2/yr,2026,38461.53846153846
EarthCommissionStylized,ER,World,Emissions|CO2,Mt CO2/yr,2027,36923.07692307692
EarthCommissionStylized,ER,World,Emissions|CO2,Mt CO2/yr,2028,35384.61538461538
EarthCommissionStylized,ER,World,Emissions|CO2,Mt CO2/yr,2029,33846.153846153844
EarthCommissionStylized,ER,World,Emissions|CO2,Mt CO2/yr,2030,32307.69230769231
EarthCommissionStylized,ER,World,Emissions|CO2,Mt CO2/yr,2031,30769.23076923077
EarthCommissionStylized,ER,World,Emissions|CO2,Mt CO2/yr,2032,29230.76923076923
EarthCommissionStylized,ER,World,Emissions|CO2,Mt CO2/yr,2033,27692.30769230769
EarthCommissionStylized,ER,World,Emissions|CO2,Mt CO2/yr,2034,26153.846153846156
EarthCommissionStylized,ER,World,Emissions|CO2,Mt CO2/yr,2035,24615.384615384617
EarthCommissionStylized,ER,World,Emissions|CO2,Mt CO2/yr,2036,23076.923076923078
EarthCommissionStylized,ER,World,Emissions|CO2,Mt CO2/yr,2037,21538.46153846154
EarthCommissionStylized,ER,World,Emissions|CO2,Mt CO2/yr,2038,20000
EarthCommissionStylized,ER,World,Emissions|CO2,Mt CO2/yr,2039,19285.714285714286
EarthCommissionStylized,ER,World,Emissions|CO2,Mt CO2/yr,2040,18571.428571428572
EarthCommissionStylized,ER,World,Emissions|CO2,Mt CO2/yr,2041,17857.14285714286
EarthCommissionStylized,ER,World,Emissions|CO2,Mt CO2/yr,2042,17142.857142857145
EarthCommissionStylized,ER,World,Emissions|CO2,Mt CO2/yr,2043,16428.571428571428
EarthCommissionStylized,ER,World,Emissions|CO2,Mt CO2/yr,2044,15714.285714285714
EarthCommissionStylized,ER,World,Emissions|CO2,Mt CO2/yr,2045,15000
EarthCommissionStylized,ER,World,Emissions|CO2,Mt CO2/yr,2046,14285.714285714286
EarthCommissionStylized,ER,World,Emissions|CO2,Mt CO2/yr,2047,13571.42857142857
EarthCommissionStylized,ER,World,Emissions|CO2,Mt CO2/yr,2048,12857.142857142857
EarthCommissionStylized,ER,World,Emissions|CO2,Mt CO2/yr,2049,12142.857142857143
EarthCommissionStylized,ER,World,Emissions|CO2,Mt CO2/yr,2050,11428.57142857143
EarthCommissionStylized,ER,World,Emissions|CO2,Mt CO2/yr,2051,10714.285714285714
EarthCommissionStylized,ER,World,Emissions|CO2,Mt CO2/yr,2052,10000
EarthCommissionStylized,ER,World,Emissions|CO2,Mt CO2/yr,2053,9230.76923076923
EarthCommissionStylized,ER,World,Emissions|CO2,Mt CO2/yr,2054,8461.538461538461
EarthCommissionStylized,ER,World,Emissions|CO2,Mt CO2/yr,2055,7692.307692307692
EarthCommissionStylized,ER,World,Emissions|CO2,Mt CO2/yr,2056,6923.076923076923
EarthCommissionStylized,ER,World,Emissions|CO2,Mt CO2/yr,2057,6153.846153846154
EarthCommissionStylized,ER,World,Emissions|CO2,Mt CO2/yr,2058,5384.615384615385
EarthCommissionStylized,ER,World,Emissions|CO2,Mt CO2/yr,2059,4615.384615384615
EarthCommissionStylized,ER,World,Emissions|CO2,Mt CO2/yr,2060,3846.1538461538457
EarthCommissionStylized,ER,World,Emissions|CO2,Mt CO2/yr,2061,3076.923076923077
EarthCommissionStylized,ER,World,Emissions|CO2,Mt CO2/yr,2062,2307.6923076923076
EarthCommissionStylized,ER,World,Emissions|CO2,Mt CO2/yr,2063,1538.461538461539
EarthCommissionStylized,ER,World,Emissions|CO2,Mt CO2/yr,2064,769.2307692307695
EarthCommissionStylized,ER,World,Emissions|CO2,Mt CO2/yr,2065,0
EarthCommissionStylized,ER,World,Emissions|CO2,Mt CO2/yr,2066,-285.7142857142857
EarthCommissionStylized,ER,World,Emissions|CO2,Mt CO2/yr,2067,-571.4285714285714
EarthCommissionStylized,ER,World,Emissions|CO2,Mt CO2/yr,2068,-857.1428571428571
EarthCommissionStylized,ER,World,Emissions|CO2,Mt CO2/yr,2069,-1142.857142857143
EarthCommissionStylized,ER,World,Emissions|CO2,Mt CO2/yr,2070,-1428.5714285714284
EarthCommissionStylized,ER,World,Emissions|CO2,Mt CO2/yr,2071,-1714.2857142857142
EarthCommissionStylized,ER,World,Emissions|CO2,Mt CO2/yr,2072,-2000
EarthCommissionStylized,ER,World,Emissions|CO2,Mt CO2/yr,2073,-2285.714285714286
EarthCommissionStylized,ER,World,Emissions|CO2,Mt CO2/yr,2074,-2571.428571428571
EarthCommissionStylized,ER,World,Emissions|CO2,Mt CO2/yr,2075,-2857.142857142857
EarthCommissionStylized,ER,World,Emissions|CO2,Mt CO2/yr,2076,-3142.8571428571427
EarthCommissionStylized,ER,World,Emissions|CO2,Mt CO2/yr,2077,-3428.5714285714284
EarthCommissionStylized,ER,World,Emissions|CO2,Mt CO2/yr,2078,-3714.285714285714
EarthCommissionStylized,ER,World,Emissions|CO2,Mt CO2/yr,2079,-4000
EarthCommissionStylized,ER,World,Emissions|CO2,Mt CO2/yr,2080,-4285.714285714285
EarthCommissionStylized,ER,World,Emissions|CO2,Mt CO2/yr,2081,-4571.428571428572
EarthCommissionStylized,ER,World,Emissions|CO2,Mt CO2/yr,2082,-4857.142857142857
EarthCommissionStylized,ER,World,Emissions|CO2,Mt CO2/yr,2083,-5142.857142857142
EarthCommissionStylized,ER,World,Emissions|CO2,Mt CO2/yr,2084,-5428.571428571428
EarthCommissionStylized,ER,World,Emissions|CO2,Mt CO2/yr,2085,-5714.285714285714
EarthCommissionStylized,ER,World,Emissions|CO2,Mt CO2/yr,2086,-6000
EarthCommissionStylized,ER,World,Emissions|CO2,Mt CO2/yr,2087,-6285.714285714285
EarthCommissionStylized,ER,World,Emissions|CO2,Mt CO2/yr,2088,-6571.428571428572
EarthCommissionStylized,ER,World,Emissions|CO2,Mt CO2/yr,2089,-6857.142857142857
EarthCommissionStylized,ER,World,Emissions|CO2,Mt CO2/yr,2090,-7142.857142857143
EarthCommissionStylized,ER,World,Emissions|CO2,Mt CO2/yr,2091,-7428.571428571428
EarthCommissionStylized,ER,World,Emissions|CO2,Mt CO2/yr,2092,-7714.285714285715
EarthCommissionStylized,ER,World,Emissions|CO2,Mt CO2/yr,2093,-8000
EarthCommissionStylized,ER,World,Emissions|CO2,Mt CO2/yr,2094,-8285.714285714286
EarthCommissionStylized,ER,World,Emissions|CO2,Mt CO2/yr,2095,-8571.42857142857
EarthCommissionStylized,ER,World,Emissions|CO2,Mt CO2/yr,2096,-8857.142857142857
EarthCommissionStylized,ER,World,Emissions|CO2,Mt CO2/yr,2097,-9142.857142857143
EarthCommissionStylized,ER,World,Emissions|CO2,Mt CO2/yr,2098,-9428.571428571428
EarthCommissionStylized,ER,World,Emissions|CO2,Mt CO2/yr,2099,-9714.285714285714
EarthCommissionStylized,ER,World,Emissions|CO2,Mt CO2/yr,2100,-10000
EarthCommissionStylized,ER,World,Emissions|CO2,Mt CO2/yr,2101,-10400
EarthCommissionStylized,ER,World,Emissions|CO2,Mt CO2/yr,2102,-10800
EarthCommissionStylized,ER,World,Emissions|CO2,Mt CO2/yr,2103,-11200
EarthCommissionStylized,ER,World,Emissions|CO2,Mt CO2/yr,2104,-11600
EarthCommissionStylized,ER,World,Emissions|CO2,Mt CO2/yr,2105,-12000
EarthCommissionStylized,ER,World,Emissions|CO2,Mt CO2/yr,2106,-12400
EarthCommissionStylized,ER,World,Emissions|CO2,Mt CO2/yr,2107,-12800
EarthCommissionStylized,ER,World,Emissions|CO2,Mt CO2/yr,2108,-13200
EarthCommissionStylized,ER,World,Emissions|CO2,Mt CO2/yr,2109,-13600
EarthCommissionStylized,ER,World,Emissions|CO2,Mt CO2/yr,2110,-14000
EarthCommissionStylized,ER,World,Emissions|CO2,Mt CO2/yr,2111,-14400
EarthCommissionStylized,ER,World,Emissions|CO2,Mt CO2/yr,2112,-14800
EarthCommissionStylized,ER,World,Emissions|CO2,Mt CO2/yr,2113,-15200
EarthCommissionStylized,ER,World,Emissions|CO2,Mt CO2/yr,2114,-15600
EarthCommissionStylized,ER,World,Emissions|CO2,Mt CO2/yr,2115,-16000
EarthCommissionStylized,ER,World,Emissions|CO2,Mt CO2/yr,2116,-16400
EarthCommissionStylized,ER,World,Emissions|CO2,Mt CO2/yr,2117,-16800
EarthCommissionStylized,ER,World,Emissions|CO2,Mt CO2/yr,2118,-17200
EarthCommissionStylized,ER,World,Emissions|CO2,Mt CO2/yr,2119,-17600
EarthCommissionStylized,ER,World,Emissions|CO2,Mt CO2/yr,2120,-18000
EarthCommissionStylized,ER,World,Emissions|CO2,Mt CO2/yr,2121,-18400
EarthCommissionStylized,ER,World,Emissions|CO2,Mt CO2/yr,2122,-18800
EarthCommissionStylized,ER,World,Emissions|CO2,Mt CO2/yr,2123,-19200
EarthCommissionStylized,ER,World,Emissions|CO2,Mt CO2/yr,2124,-19600
EarthCommissionStylized,ER,World,Emissions|CO2,Mt CO2/yr,2125,-20000
EarthCommissionStylized,ER,World,Emissions|CO2,Mt CO2/yr,2126,-20400
EarthCommissionStylized,ER,World,Emissions|CO2,Mt CO2/yr,2127,-20800
EarthCommissionStylized,ER,World,Emissions|CO2,Mt CO2/yr,2128,-21200
EarthCommissionStylized,ER,World,Emissions|CO2,Mt CO2/yr,2129,-21600
EarthCommissionStylized,ER,World,Emissions|CO2,Mt CO2/yr,2130,-22000
EarthCommissionStylized,ER,World,Emissions|CO2,Mt CO2/yr,2131,-22400
EarthCommissionStylized,ER,World,Emissions|CO2,Mt CO2/yr,2132,-22800
EarthCommissionStylized,ER,World,Emissions|CO2,Mt CO2/yr,2133,-23200
EarthCommissionStylized,ER,World,Emissions|CO2,Mt CO2/yr,2134,-23600
EarthCommissionStylized,ER,World,Emissions|CO2,Mt CO2/yr,2135,-24000
EarthCommissionStylized,ER,World,Emissions|CO2,Mt CO2/yr,2136,-24400
EarthCommissionStylized,ER,World,Emissions|CO2,Mt CO2/yr,2137,-24800
EarthCommissionStylized,ER,World,Emissions|CO2,Mt CO2/yr,2138,-25200
EarthCommissionStylized,ER,World,Emissions|CO2,Mt CO2/yr,2139,-25600
EarthCommissionStylized,ER,World,Emissions|CO2,Mt CO2/yr,2140,-26000
EarthCommissionStylized,ER,World,Emissions|CO2,Mt CO2/yr,2141,-26400
EarthCommissionStylized,ER,World,Emissions|CO2,Mt CO2/yr,2142,-26800
EarthCommissionStylized,ER,World,Emissions|CO2,Mt CO2/yr,2143,-27200
EarthCommissionStylized,ER,World,Emissions|CO2,Mt CO2/yr,2144,-27600
EarthCommissionStylized,ER,World,Emissions|CO2,Mt CO2/yr,2145,-28000
EarthCommissionStylized,ER,World,Emissions|CO2,Mt CO2/yr,2146,-28400
EarthCommissionStylized,ER,World,Emissions|CO2,Mt CO2/yr,2147,-28800
EarthCommissionStylized,ER,World,Emissions|CO2,Mt CO2/yr,2148,-29200
EarthCommissionStylized,ER,World,Emissions|CO2,Mt CO2/yr,2149,-29600
EarthCommissionStylized,ER,World,Emissions|CO2,Mt CO2/yr,2150,-30000
EarthCommissionStylized,OH,World,Emissions|CO2,Mt CO2/yr,2015,40200
EarthCommissionStylized,OH,World,Emissions|CO2,Mt CO2/yr,2016,39100
EarthCommissionStylized,OH,World,Emissions|CO2,Mt CO2/yr,2017,39500
EarthCommissionStylized,OH,World,Emissions|CO2,Mt CO2/yr,2018,39800
EarthCommissionStylized,OH,World,Emissions|CO2,Mt CO2/yr,2019,39800
EarthCommissionStylized,OH,World,Emissions|CO2,Mt CO2/yr,2020,37800
EarthCommissionStylized,OH,World,Emissions|CO2,Mt CO2/yr,2021,39900
EarthCommissionStylized,OH,World,Emissions|CO2,Mt CO2/yr,2022,39800
EarthCommissionStylized,OH,World,Emissions|CO2,Mt CO2/yr,2023,39866.666666666664
EarthCommissionStylized,OH,World,Emissions|CO2,Mt CO2/yr,2024,39933.333333333336
EarthCommissionStylized,OH,World,Emissions|CO2,Mt CO2/yr,2025,40000
EarthCommissionStylized,OH,World,Emissions|CO2,Mt CO2/yr,2026,38000
EarthCommissionStylized,OH,World,Emissions|CO2,Mt CO2/yr,2027,36000
EarthCommissionStylized,OH,World,Emissions|CO2,Mt CO2/yr,2028,34000
EarthCommissionStylized,OH,World,Emissions|CO2,Mt CO2/yr,2029,32000
EarthCommissionStylized,OH,World,Emissions|CO2,Mt CO2/yr,2030,30000
EarthCommissionStylized,OH,World,Emissions|CO2,Mt CO2/yr,2031,28000
EarthCommissionStylized,OH,World,Emissions|CO2,Mt CO2/yr,2032,26000
EarthCommissionStylized,OH,World,Emissions|CO2,Mt CO2/yr,2033,24000
EarthCommissionStylized,OH,World,Emissions|CO2,Mt CO2/yr,2034,22000
EarthCommissionStylized,OH,World,Emissions|CO2,Mt CO2/yr,2035,20000
EarthCommissionStylized,OH,World,Emissions|CO2,Mt CO2/yr,2036,19000
EarthCommissionStylized,OH,World,Emissions|CO2,Mt CO2/yr,2037,18000
EarthCommissionStylized,OH,World,Emissions|CO2,Mt CO2/yr,2038,17000
EarthCommissionStylized,OH,World,Emissions|CO2,Mt CO2/yr,2039,16000
EarthCommissionStylized,OH,World,Emissions|CO2,Mt CO2/yr,2040,15000
EarthCommissionStylized,OH,World,Emissions|CO2,Mt CO2/yr,2041,14000
EarthCommissionStylized,OH,World,Emissions|CO2,Mt CO2/yr,2042,13000
EarthCommissionStylized,OH,World,Emissions|CO2,Mt CO2/yr,2043,12000
EarthCommissionStylized,OH,World,Emissions|CO2,Mt CO2/yr,2044,11000
EarthCommissionStylized,OH,World,Emissions|CO2,Mt CO2/yr,2045,10000
EarthCommissionStylized,OH,World,Emissions|CO2,Mt CO2/yr,2046,9000
EarthCommissionStylized,OH,World,Emissions|CO2,Mt CO2/yr,2047,8000
EarthCommissionStylized,OH,World,Emissions|CO2,Mt CO2/yr,2048,7000
EarthCommissionStylized,OH,World,Emissions|CO2,Mt CO2/yr,2049,6000
EarthCommissionStylized,OH,World,Emissions|CO2,Mt CO2/yr,2050,5000
EarthCommissionStylized,OH,World,Emissions|CO2,Mt CO2/yr,2051,4000
EarthCommissionStylized,OH,World,Emissions|CO2,Mt CO2/yr,2052,3000
EarthCommissionStylized,OH,World,Emissions|CO2,Mt CO2/yr,2053,2000
EarthCommissionStylized,OH,World,Emissions|CO2,Mt CO2/yr,2054,1000
EarthCommissionStylized,OH,World,Emissions|CO2,Mt CO2/yr,2055,0
EarthCommissionStylized,OH,World,Emissions|CO2,Mt CO2/yr,2056,-133.33333333333334
EarthCommissionStylized,OH,World,Emissions|CO2,Mt CO2/yr,2057,-266.6666666666667
EarthCommissionStylized,OH,World,Emissions|CO2,Mt CO2/yr,2058,-400
EarthCommissionStylized,OH,World,Emissions|CO2,Mt CO2/yr,2059,-533.3333333333334
EarthCommissionStylized,OH,World,Emissions|CO2,Mt CO2/yr,2060,-666.6666666666666
EarthCommissionStylized,OH,World,Emissions|CO2,Mt CO2/yr,2061,-800
EarthCommissionStylized,OH,World,Emissions|CO2,Mt CO2/yr,2062,-933.3333333333334
EarthCommissionStylized,OH,World,Emissions|CO2,Mt CO2/yr,2063,-1066.6666666666667
EarthCommissionStylized,OH,World,Emissions|CO2,Mt CO2/yr,2064,-1200
EarthCommissionStylized,OH,World,Emissions|CO2,Mt CO2/yr,2065,-1333.3333333333333
EarthCommissionStylized,OH,World,Emissions|CO2,Mt CO2/yr,2066,-1466.6666666666665
EarthCommissionStylized,OH,World,Emissions|CO2,Mt CO2/yr,2067,-1600
EarthCommissionStylized,OH,World,Emissions|CO2,Mt CO2/yr,2068,-1733.3333333333335
EarthCommissionStylized,OH,World,Emissions|CO2,Mt CO2/yr,2069,-1866.6666666666667
EarthCommissionStylized,OH,World,Emissions|CO2,Mt CO2/yr,2070,-2000
EarthCommissionStylized,OH,World,Emissions|CO2,Mt CO2/yr,2071,-2266.6666666666665
EarthCommissionStylized,OH,World,Emissions|CO2,Mt CO2/yr,2072,-2533.3333333333335
EarthCommissionStylized,OH,World,Emissions|CO2,Mt CO2/yr,2073,-2800
EarthCommissionStylized,OH,World,Emissions|CO2,Mt CO2/yr,2074,-3066.666666666667
EarthCommissionStylized,OH,World,Emissions|CO2,Mt CO2/yr,2075,-3333.333333333333
EarthCommissionStylized,OH,World,Emissions|CO2,Mt CO2/yr,2076,-3600
EarthCommissionStylized,OH,World,Emissions|CO2,Mt CO2/yr,2077,-3866.666666666667
EarthCommissionStylized,OH,World,Emissions|CO2,Mt CO2/yr,2078,-4133.333333333334
EarthCommissionStylized,OH,World,Emissions|CO2,Mt CO2/yr,2079,-4400
EarthCommissionStylized,OH,World,Emissions|CO2,Mt CO2/yr,2080,-4666.666666666666
EarthCommissionStylized,OH,World,Emissions|CO2,Mt CO2/yr,2081,-4933.333333333333
EarthCommissionStylized,OH,World,Emissions|CO2,Mt CO2/yr,2082,-5200
EarthCommissionStylized,OH,World,Emissions|CO2,Mt CO2/yr,2083,-5466.666666666667
EarthCommissionStylized,OH,World,Emissions|CO2,Mt CO2/yr,2084,-5733.333333333334
EarthCommissionStylized,OH,World,Emissions|CO2,Mt CO2/yr,2085,-6000
EarthCommissionStylized,OH,World,Emissions|CO2,Mt CO2/yr,2086,-6266.666666666667
EarthCommissionStylized,OH,World,Emissions|CO2,Mt CO2/yr,2087,-6533.333333333333
EarthCommissionStylized,OH,World,Emissions|CO2,Mt CO2/yr,2088,-6800
EarthCommissionStylized,OH,World,Emissions|CO2,Mt CO2/yr,2089,-7066.666666666666
EarthCommissionStylized,OH,World,Emissions|CO2,Mt CO2/yr,2090,-7333.333333333333
EarthCommissionStylized,OH,World,Emissions|CO2,Mt CO2/yr,2091,-7600
EarthCommissionStylized,OH,World,Emissions|CO2,Mt CO2/yr,2092,-7866.666666666666
EarthCommissionStylized,OH,World,Emissions|CO2,Mt CO2/yr,2093,-8133.333333333334
EarthCommissionStylized,OH,World,Emissions|CO2,Mt CO2/yr,2094,-8400
EarthCommissionStylized,OH,World,Emissions|CO2,Mt CO2/yr,2095,-8666.666666666668
EarthCommissionStylized,OH,World,Emissions|CO2,Mt CO2/yr,2096,-8933.333333333334
EarthCommissionStylized,OH,World,Emissions|CO2,Mt CO2/yr,2097,-9200
EarthCommissionStylized,OH,World,Emissions|CO2,Mt CO2/yr,2098,-9466.666666666668
EarthCommissionStylized,OH,World,Emissions|CO2,Mt CO2/yr,2099,-9733.333333333332
EarthCommissionStylized,OH,World,Emissions|CO2,Mt CO2/yr,2100,-10000
EarthCommissionStylized,OH,World,Emissions|CO2,Mt CO2/yr,2101,-10200
EarthCommissionStylized,OH,World,Emissions|CO2,Mt CO2/yr,2102,-10400
EarthCommissionStylized,OH,World,Emissions|CO2,Mt CO2/yr,2103,-10600
EarthCommissionStylized,OH,World,Emissions|CO2,Mt CO2/yr,2104,-10800
EarthCommissionStylized,OH,World,Emissions|CO2,Mt CO2/yr,2105,-11000
EarthCommissionStylized,OH,World,Emissions|CO2,Mt CO2/yr,2106,-11200
EarthCommissionStylized,OH,World,Emissions|CO2,Mt CO2/yr,2107,-11400
EarthCommissionStylized,OH,World,Emissions|CO2,Mt CO2/yr,2108,-11600
EarthCommissionStylized,OH,World,Emissions|CO2,Mt CO2/yr,2109,-11800
EarthCommissionStylized,OH,World,Emissions|CO2,Mt CO2/yr,2110,-12000
EarthCommissionStylized,OH,World,Emissions|CO2,Mt CO2/yr,2111,-12200
EarthCommissionStylized,OH,World,Emissions|CO2,Mt CO2/yr,2112,-12400
EarthCommissionStylized,OH,World,Emissions|CO2,Mt CO2/yr,2113,-12600
EarthCommissionStylized,OH,World,Emissions|CO2,Mt CO2/yr,2114,-12800
EarthCommissionStylized,OH,World,Emissions|CO2,Mt CO2/yr,2115,-13000
EarthCommissionStylized,OH,World,Emissions|CO2,Mt CO2/yr,2116,-13200
EarthCommissionStylized,OH,World,Emissions|CO2,Mt CO2/yr,2117,-13400
EarthCommissionStylized,OH,World,Emissions|CO2,Mt CO2/yr,2118,-13600
EarthCommissionStylized,OH,World,Emissions|CO2,Mt CO2/yr,2119,-13800
EarthCommissionStylized,OH,World,Emissions|CO2,Mt CO2/yr,2120,-14000
EarthCommissionStylized,OH,World,Emissions|CO2,Mt CO2/yr,2121,-14200
EarthCommissionStylized,OH,World,Emissions|CO2,Mt CO2/yr,2122,-14400
EarthCommissionStylized,OH,World,Emissions|CO2,Mt CO2/yr,2123,-14600
EarthCommissionStylized,OH,World,Emissions|CO2,Mt CO2/yr,2124,-14800
EarthCommissionStylized,OH,World,Emissions|CO2,Mt CO2/yr,2125,-15000
EarthCommissionStylized,OH,World,Emissions|CO2,Mt CO2/yr,2126,-15200
EarthCommissionStylized,OH,World,Emissions|CO2,Mt CO2/yr,2127,-15400
EarthCommissionStylized,OH,World,Emissions|CO2,Mt CO2/yr,2128,-15600
EarthCommissionStylized,OH,World,Emissions|CO2,Mt CO2/yr,2129,-15800
EarthCommissionStylized,OH,World,Emissions|CO2,Mt CO2/yr,2130,-16000
EarthCommissionStylized,OH,World,Emissions|CO2,Mt CO2/yr,2131,-16200
EarthCommissionStylized,OH,World,Emissions|CO2,Mt CO2/yr,2132,-16400
EarthCommissionStylized,OH,World,Emissions|CO2,Mt CO2/yr,2133,-16600
EarthCommissionStylized,OH,World,Emissions|CO2,Mt CO2/yr,2134,-16800
EarthCommissionStylized,OH,World,Emissions|CO2,Mt CO2/yr,2135,-17000
EarthCommissionStylized,OH,World,Emissions|CO2,Mt CO2/yr,2136,-17200
EarthCommissionStylized,OH,World,Emissions|CO2,Mt CO2/yr,2137,-17400
EarthCommissionStylized,OH,World,Emissions|CO2,Mt CO2/yr,2138,-17600
EarthCommissionStylized,OH,World,Emissions|CO2,Mt CO2/yr,2139,-17800
EarthCommissionStylized,OH,World,Emissions|CO2,Mt CO2/yr,2140,-18000
EarthCommissionStylized,OH,World,Emissions|CO2,Mt CO2/yr,2141,-18200
EarthCommissionStylized,OH,World,Emissions|CO2,Mt CO2/yr,2142,-18400
EarthCommissionStylized,OH,World,Emissions|CO2,Mt CO2/yr,2143,-18600
EarthCommissionStylized,OH,World,Emissions|CO2,Mt CO2/yr,2144,-18800
EarthCommissionStylized,OH,World,Emissions|CO2,Mt CO2/yr,2145,-19000
EarthCommissionStylized,OH,World,Emissions|CO2,Mt CO2/yr,2146,-19200
EarthCommissionStylized,OH,World,Emissions|CO2,Mt CO2/yr,2147,-19400
EarthCommissionStylized,OH,World,Emissions|CO2,Mt CO2/yr,2148,-19600
EarthCommissionStylized,OH,World,Emissions|CO2,Mt CO2/yr,2149,-19800
EarthCommissionStylized,OH,World,Emissions|CO2,Mt CO2/yr,2150,-20000
EarthCommissionStylized,RAPID,World,Emissions|CO2,Mt CO2/yr,2015,40200
EarthCommissionStylized,RAPID,World,Emissions|CO2,Mt CO2/yr,2016,39100
EarthCommissionStylized,RAPID,World,Emissions|CO2,Mt CO2/yr,2017,39500
EarthCommissionStylized,RAPID,World,Emissions|CO2,Mt CO2/yr,2018,39800
EarthCommissionStylized,RAPID,World,Emissions|CO2,Mt CO2/yr,2019,39800
EarthCommissionStylized,RAPID,World,Emissions|CO2,Mt CO2/yr,2020,37800
EarthCommissionStylized,RAPID,World,Emissions|CO2,Mt CO2/yr,2021,39900
EarthCommissionStylized,RAPID,World,Emissions|CO2,Mt CO2/yr,2022,39800
EarthCommissionStylized,RAPID,World,Emissions|CO2,Mt CO2/yr,2023,39866.666666666664
EarthCommissionStylized,RAPID,World,Emissions|CO2,Mt CO2/yr,2024,39933.333333333336
EarthCommissionStylized,RAPID,World,Emissions|CO2,Mt CO2/yr,2025,40000
EarthCommissionStylized,RAPID,World,Emissions|CO2,Mt CO2/yr,2026,36000
EarthCommissionStylized,RAPID,World,Emissions|CO2,Mt CO2/yr,2027,32000
EarthCommissionStylized,RAPID,World,Emissions|CO2,Mt CO2/yr,2028,28000
EarthCommissionStylized,RAPID,World,Emissions|CO2,Mt CO2/yr,2029,24000
EarthCommissionStylized,RAPID,World,Emissions|CO2,Mt CO2/yr,2030,20000
EarthCommissionStylized,RAPID,World,Emissions|CO2,Mt CO2/yr,2031,16000
EarthCommissionStylized,RAPID,World,Emissions|CO2,Mt CO2/yr,2032,12000
EarthCommissionStylized,RAPID,World,Emissions|CO2,Mt CO2/yr,2033,8000
EarthCommissionStylized,RAPID,World,Emissions|CO2,Mt CO2/yr,2034,4000
EarthCommissionStylized,RAPID,World,Emissions|CO2,Mt CO2/yr,2035,0
EarthCommissionStylized,RAPID,World,Emissions|CO2,Mt CO2/yr,2036,-200
EarthCommissionStylized,RAPID,World,Emissions|CO2,Mt CO2/yr,2037,-400
EarthCommissionStylized,RAPID,World,Emissions|CO2,Mt CO2/yr,2038,-600
EarthCommissionStylized,RAPID,World,Emissions|CO2,Mt CO2/yr,2039,-800
EarthCommissionStylized,RAPID,World,Emissions|CO2,Mt CO2/yr,2040,-1000
EarthCommissionStylized,RAPID,World,Emissions|CO2,Mt CO2/yr,2041,-1200
EarthCommissionStylized,RAPID,World,Emissions|CO2,Mt CO2/yr,2042,-1400
EarthCommissionStylized,RAPID,World,Emissions|CO2,Mt CO2/yr,2043,-1600
EarthCommissionStylized,RAPID,World,Emissions|CO2,Mt CO2/yr,2044,-1800
EarthCommissionStylized,RAPID,World,Emissions|CO2,Mt CO2/yr,2045,-2000
EarthCommissionStylized,RAPID,World,Emissions|CO2,Mt CO2/yr,2046,-2200
EarthCommissionStylized,RAPID,World,Emissions|CO2,Mt CO2/yr,2047,-2400
EarthCommissionStylized,RAPID,World,Emissions|CO2,Mt CO2/yr,2048,-2600
EarthCommissionStylized,RAPID,World,Emissions|CO2,Mt CO2/yr,2049,-2800
EarthCommissionStylized,RAPID,World,Emissions|CO2,Mt CO2/yr,2050,-3000
EarthCommissionStylized,RAPID,World,Emissions|CO2,Mt CO2/yr,2051,-3200
EarthCommissionStylized,RAPID,World,Emissions|CO2,Mt CO2/yr,2052,-3400
EarthCommissionStylized,RAPID,World,Emissions|CO2,Mt CO2/yr,2053,-3600
EarthCommissionStylized,RAPID,World,Emissions|CO2,Mt CO2/yr,2054,-3800
EarthCommissionStylized,RAPID,World,Emissions|CO2,Mt CO2/yr,2055,-4000
EarthCommissionStylized,RAPID,World,Emissions|CO2,Mt CO2/yr,2056,-4200
EarthCommissionStylized,RAPID,World,Emissions|CO2,Mt CO2/yr,2057,-4400
EarthCommissionStylized,RAPID,World,Emissions|CO2,Mt CO2/yr,2058,-4600
EarthCommissionStylized,RAPID,World,Emissions|CO2,Mt CO2/yr,2059,-4800
EarthCommissionStylized,RAPID,World,Emissions|CO2,Mt CO2/yr,2060,-5000
EarthCommissionStylized,RAPID,World,Emissions|CO2,Mt CO2/yr,2061,-5200
EarthCommissionStylized,RAPID,World,Emissions|CO2,Mt CO2/yr,2062,-5400
EarthCommissionStylized,RAPID,World,Emissions|CO2,Mt CO2/yr,2063,-5600
EarthCommissionStylized,RAPID,World,Emissions|CO2,Mt CO2/yr,2064,-5800
EarthCommissionStylized,RAPID,World,Emissions|CO2,Mt CO2/yr,2065,-6000
EarthCommissionStylized,RAPID,World,Emissions|CO2,Mt CO2/yr,2066,-6200
EarthCommissionStylized,RAPID,World,Emissions|CO2,Mt CO2/yr,2067,-6400
EarthCommissionStylized,RAPID,World,Emissions|CO2,Mt CO2/yr,2068,-6600
EarthCommissionStylized,RAPID,World,Emissions|CO2,Mt CO2/yr,2069,-6800
EarthCommissionStylized,RAPID,World,Emissions|CO2,Mt CO2/yr,2070,-7000
EarthCommissionStylized,RAPID,World,Emissions|CO2,Mt CO2/yr,2071,-7200
EarthCommissionStylized,RAPID,World,Emissions|CO2,Mt CO2/yr,2072,-7400
EarthCommissionStylized,RAPID,World,Emissions|CO2,Mt CO2/yr,2073,-7600
EarthCommissionStylized,RAPID,World,Emissions|CO2,Mt CO2/yr,2074,-7800
EarthCommissionStylized,RAPID,World,Emissions|CO2,Mt CO2/yr,2075,-8000
EarthCommissionStylized,RAPID,World,Emissions|CO2,Mt CO2/yr,2076,-8200
EarthCommissionStylized,RAPID,World,Emissions|CO2,Mt CO2/yr,2077,-8400
EarthCommissionStylized,RAPID,World,Emissions|CO2,Mt CO2/yr,2078,-8600
EarthCommissionStylized,RAPID,World,Emissions|CO2,Mt CO2/yr,2079,-8800
EarthCommissionStylized,RAPID,World,Emissions|CO2,Mt CO2/yr,2080,-9000
EarthCommissionStylized,RAPID,World,Emissions|CO2,Mt CO2/yr,2081,-9200
EarthCommissionStylized,RAPID,World,Emissions|CO2,Mt CO2/yr,2082,-9400
EarthCommissionStylized,RAPID,World,Emissions|CO2,Mt CO2/yr,2083,-9600
EarthCommissionStylized,RAPID,World,Emissions|CO2,Mt CO2/yr,2084,-9800
EarthCommissionStylized,RAPID,World,Emissions|CO2,Mt CO2/yr,2085,-10000
EarthCommissionStylized,RAPID,World,Emissions|CO2,Mt CO2/yr,2086,-10200
EarthCommissionStylized,RAPID,World,Emissions|CO2,Mt CO2/yr,2087,-10400
EarthCommissionStylized,RAPID,World,Emissions|CO2,Mt CO2/yr,2088,-10600
EarthCommissionStylized,RAPID,World,Emissions|CO2,Mt CO2/yr,2089,-10800
EarthCommissionStylized,RAPID,World,Emissions|CO2,Mt CO2/yr,2090,-11000
EarthCommissionStylized,RAPID,World,Emissions|CO2,Mt CO2/yr,2091,-11200
EarthCommissionStylized,RAPID,World,Emissions|CO2,Mt CO2/yr,2092,-11400
EarthCommissionStylized,RAPID,World,Emissions|CO2,Mt CO2/yr,2093,-11600
EarthCommissionStylized,RAPID,World,Emissions|CO2,Mt CO2/yr,2094,-11800
EarthCommissionStylized,RAPID,World,Emissions|CO2,Mt CO2/yr,2095,-12000
EarthCommissionStylized,RAPID,World,Emissions|CO2,Mt CO2/yr,2096,-12200
EarthCommissionStylized,RAPID,World,Emissions|CO2,Mt CO2/yr,2097,-12400
EarthCommissionStylized,RAPID,World,Emissions|CO2,Mt CO2/yr,2098,-12600
EarthCommissionStylized,RAPID,World,Emissions|CO2,Mt CO2/yr,2099,-12800
EarthCommissionStylized,RAPID,World,Emissions|CO2,Mt CO2/yr,2100,-13000
EarthCommissionStylized,RAPID,World,Emissions|CO2,Mt CO2/yr,2101,-13140
EarthCommissionStylized,RAPID,World,Emissions|CO2,Mt CO2/yr,2102,-13280
EarthCommissionStylized,RAPID,World,Emissions|CO2,Mt CO2/yr,2103,-13420
EarthCommissionStylized,RAPID,World,Emissions|CO2,Mt CO2/yr,2104,-13560
EarthCommissionStylized,RAPID,World,Emissions|CO2,Mt CO2/yr,2105,-13700
EarthCommissionStylized,RAPID,World,Emissions|CO2,Mt CO2/yr,2106,-13840
EarthCommissionStylized,RAPID,World,Emissions|CO2,Mt CO2/yr,2107,-13980
EarthCommissionStylized,RAPID,World,Emissions|CO2,Mt CO2/yr,2108,-14120
EarthCommissionStylized,RAPID,World,Emissions|CO2,Mt CO2/yr,2109,-14260
EarthCommissionStylized,RAPID,World,Emissions|CO2,Mt CO2/yr,2110,-14400
EarthCommissionStylized,RAPID,World,Emissions|CO2,Mt CO2/yr,2111,-14540
EarthCommissionStylized,RAPID,World,Emissions|CO2,Mt CO2/yr,2112,-14680
EarthCommissionStylized,RAPID,World,Emissions|CO2,Mt CO2/yr,2113,-14820
EarthCommissionStylized,RAPID,World,Emissions|CO2,Mt CO2/yr,2114,-14960
EarthCommissionStylized,RAPID,World,Emissions|CO2,Mt CO2/yr,2115,-15100
EarthCommissionStylized,RAPID,World,Emissions|CO2,Mt CO2/yr,2116,-15240
EarthCommissionStylized,RAPID,World,Emissions|CO2,Mt CO2/yr,2117,-15380
EarthCommissionStylized,RAPID,World,Emissions|CO2,Mt CO2/yr,2118,-15520
EarthCommissionStylized,RAPID,World,Emissions|CO2,Mt CO2/yr,2119,-15660
EarthCommissionStylized,RAPID,World,Emissions|CO2,Mt CO2/yr,2120,-15800
EarthCommissionStylized,RAPID,World,Emissions|CO2,Mt CO2/yr,2121,-15940
EarthCommissionStylized,RAPID,World,Emissions|CO2,Mt CO2/yr,2122,-16080
EarthCommissionStylized,RAPID,World,Emissions|CO2,Mt CO2/yr,2123,-16220
EarthCommissionStylized,RAPID,World,Emissions|CO2,Mt CO2/yr,2124,-16360
EarthCommissionStylized,RAPID,World,Emissions|CO2,Mt CO2/yr,2125,-16500
EarthCommissionStylized,RAPID,World,Emissions|CO2,Mt CO2/yr,2126,-16640
EarthCommissionStylized,RAPID,World,Emissions|CO2,Mt CO2/yr,2127,-16780
EarthCommissionStylized,RAPID,World,Emissions|CO2,Mt CO2/yr,2128,-16920
EarthCommissionStylized,RAPID,World,Emissions|CO2,Mt CO2/yr,2129,-17060
EarthCommissionStylized,RAPID,World,Emissions|CO2,Mt CO2/yr,2130,-17200
EarthCommissionStylized,RAPID,World,Emissions|CO2,Mt CO2/yr,2131,-17340
EarthCommissionStylized,RAPID,World,Emissions|CO2,Mt CO2/yr,2132,-17480
EarthCommissionStylized,RAPID,World,Emissions|CO2,Mt CO2/yr,2133,-17620
EarthCommissionStylized,RAPID,World,Emissions|CO2,Mt CO2/yr,2134,-17760
EarthCommissionStylized,RAPID,World,Emissions|CO2,Mt CO2/yr,2135,-17900
EarthCommissionStylized,RAPID,World,Emissions|CO2,Mt CO2/yr,2136,-18040
EarthCommissionStylized,RAPID,World,Emissions|CO2,Mt CO2/yr,2137,-18180
EarthCommissionStylized,RAPID,World,Emissions|CO2,Mt CO2/yr,2138,-18320
EarthCommissionStylized,RAPID,World,Emissions|CO2,Mt CO2/yr,2139,-18460
EarthCommissionStylized,RAPID,World,Emissions|CO2,Mt CO2/yr,2140,-18600
EarthCommissionStylized,RAPID,World,Emissions|CO2,Mt CO2/yr,2141,-18740
EarthCommissionStylized,RAPID,World,Emissions|CO2,Mt CO2/yr,2142,-18880
EarthCommissionStylized,RAPID,World,Emissions|CO2,Mt CO2/yr,2143,-19020
EarthCommissionStylized,RAPID,World,Emissions|CO2,Mt CO2/yr,2144,-19160
EarthCommissionStylized,RAPID,World,Emissions|CO2,Mt CO2/yr,2145,-19300
EarthCommissionStylized,RAPID,World,Emissions|CO2,Mt CO2/yr,2146,-19440
EarthCommissionStylized,RAPID,World,Emissions|CO2,Mt CO2/yr,2147,-19580
EarthCommissionStylized,RAPID,World,Emissions|CO2,Mt CO2/yr,2148,-19720
EarthCommissionStylized,RAPID,World,Emissions|CO2,Mt CO2/yr,2149,-19860
EarthCommissionStylized,RAPID,World,Emissions|CO2,Mt CO2/yr,2150,-20000
EarthCommissionStylized,RAPID_REVERSE,World,Emissions|CO2,Mt CO2/yr,2015,40200
EarthCommissionStylized,RAPID_REVERSE,World,Emissions|CO2,Mt CO2/yr,2016,39100
EarthCommissionStylized,RAPID_REVERSE,World,Emissions|CO2,Mt CO2/yr,2017,39500
EarthCommissionStylized,RAPID_REVERSE,World,Emissions|CO2,Mt CO2/yr,2018,39800
EarthCommissionStylized,RAPID_REVERSE,World,Emissions|CO2,Mt CO2/yr,2019,39800
EarthCommissionStylized,RAPID_REVERSE,World,Emissions|CO2,Mt CO2/yr,2020,37800
EarthCommissionStylized,RAPID_REVERSE,World,Emissions|CO2,Mt CO2/yr,2021,39900
EarthCommissionStylized,RAPID_REVERSE,World,Emissions|CO2,Mt CO2/yr,2022,39800
EarthCommissionStylized,RAPID_REVERSE,World,Emissions|CO2,Mt CO2/yr,2023,39866.666666666664
EarthCommissionStylized,RAPID_REVERSE,World,Emissions|CO2,Mt CO2/yr,2024,39933.333333333336
EarthCommissionStylized,RAPID_REVERSE,World,Emissions|CO2,Mt CO2/yr,2025,40000
EarthCommissionStylized,RAPID_REVERSE,World,Emissions|CO2,Mt CO2/yr,2026,36000
EarthCommissionStylized,RAPID_REVERSE,World,Emissions|CO2,Mt CO2/yr,2027,32000
EarthCommissionStylized,RAPID_REVERSE,World,Emissions|CO2,Mt CO2/yr,2028,28000
EarthCommissionStylized,RAPID_REVERSE,World,Emissions|CO2,Mt CO2/yr,2029,24000
EarthCommissionStylized,RAPID_REVERSE,World,Emissions|CO2,Mt CO2/yr,2030,20000
EarthCommissionStylized,RAPID_REVERSE,World,Emissions|CO2,Mt CO2/yr,2031,16000
EarthCommissionStylized,RAPID_REVERSE,World,Emissions|CO2,Mt CO2/yr,2032,12000
EarthCommissionStylized,RAPID_REVERSE,World,Emissions|CO2,Mt CO2/yr,2033,8000
EarthCommissionStylized,RAPID_REVERSE,World,Emissions|CO2,Mt CO2/yr,2034,4000
EarthCommissionStylized,RAPID_REVERSE,World,Emissions|CO2,Mt CO2/yr,2035,0
EarthCommissionStylized,RAPID_REVERSE,World,Emissions|CO2,Mt CO2/yr,2036,-1333.3333333333333
EarthCommissionStylized,RAPID_REVERSE,World,Emissions|CO2,Mt CO2/yr,2037,-2666.6666666666665
EarthCommissionStylized,RAPID_REVERSE,World,Emissions|CO2,Mt CO2/yr,2038,-4000
EarthCommissionStylized,RAPID_REVERSE,World,Emissions|CO2,Mt CO2/yr,2039,-5333.333333333333
EarthCommissionStylized,RAPID_REVERSE,World,Emissions|CO2,Mt CO2/yr,2040,-6666.666666666666
EarthCommissionStylized,RAPID_REVERSE,World,Emissions|CO2,Mt CO2/yr,2041,-8000
EarthCommissionStylized,RAPID_REVERSE,World,Emissions|CO2,Mt CO2/yr,2042,-9333.333333333334
EarthCommissionStylized,RAPID_REVERSE,World,Emissions|CO2,Mt CO2/yr,2043,-10666.666666666666
EarthCommissionStylized,RAPID_REVERSE,World,Emissions|CO2,Mt CO2/yr,2044,-12000
EarthCommissionStylized,RAPID_REVERSE,World,Emissions|CO2,Mt CO2/yr,2045,-13333.333333333332
EarthCommissionStylized,RAPID_REVERSE,World,Emissions|CO2,Mt CO2/yr,2046,-14666.666666666666
EarthCommissionStylized,RAPID_REVERSE,World,Emissions|CO2,Mt CO2/yr,2047,-16000
EarthCommissionStylized,RAPID_REVERSE,World,Emissions|CO2,Mt CO2/yr,2048,-17333.333333333332
EarthCommissionStylized,RAPID_REVERSE,World,Emissions|CO2,Mt CO2/yr,2049,-18666.666666666668
EarthCommissionStylized,RAPID_REVERSE,World,Emissions|CO2,Mt CO2/yr,2050,-20000
EarthCommissionStylized,RAPID_REVERSE,World,Emissions|CO2,Mt CO2/yr,2051,-20000
EarthCommissionStylized,RAPID_REVERSE,World,Emissions|CO2,Mt CO2/yr,2052,-20000
EarthCommissionStylized,RAPID_REVERSE,World,Emissions|CO2,Mt CO2/yr,2053,-20000
EarthCommissionStylized,RAPID_REVERSE,World,Emissions|CO2,Mt CO2/yr,2054,-20000
EarthCommissionStylized,RAPID_REVERSE,World,Emissions|CO2,Mt CO2/yr,2055,-20000
EarthCommissionStylized,RAPID_REVERSE,World,Emissions|CO2,Mt CO2/yr,2056,-20000
EarthCommissionStylized,RAPID_REVERSE,World,Emissions|CO2,Mt CO2/yr,2057,-20000
EarthCommissionStylized,RAPID_REVERSE,World,Emissions|CO2,Mt CO2/yr,2058,-20000
EarthCommissionStylized,RAPID_REVERSE,World,Emissions|CO2,Mt CO2/yr,2059,-20000
EarthCommissionStylized,RAPID_REVERSE,World,Emissions|CO2,Mt CO2/yr,2060,-20000
EarthCommissionStylized,RAPID_REVERSE,World,Emissions|CO2,Mt CO2/yr,2061,-20000
EarthCommissionStylized,RAPID_REVERSE,World,Emissions|CO2,Mt CO2/yr,2062,-20000
EarthCommissionStylized,RAPID_REVERSE,World,Emissions|CO2,Mt CO2/yr,2063,-20000
EarthCommissionStylized,RAPID_REVERSE,World,Emissions|CO2,Mt CO2/yr,2064,-20000
EarthCommissionStylized,RAPID_REVERSE,World,Emissions|CO2,Mt CO2/yr,2065,-20000
EarthCommissionStylized,RAPID_REVERSE,World,Emissions|CO2,Mt CO2/yr,2066,-20000
EarthCommissionStylized,RAPID_REVERSE,World,Emissions|CO2,Mt CO2/yr,2067,-20000
EarthCommissionStylized,RAPID_REVERSE,World,Emissions|CO2,Mt CO2/yr,2068,-20000
EarthCommissionStylized,RAPID_REVERSE,World,Emissions|CO2,Mt CO2/yr,2069,-20000
EarthCommissionStylized,RAPID_REVERSE,World,Emissions|CO2,Mt CO2/yr,2070,-20000
EarthCommissionStylized,RAPID_REVERSE,World,Emissions|CO2,Mt CO2/yr,2071,-20000
EarthCommissionStylized,RAPID_REVERSE,World,Emissions|CO2,Mt CO2/yr,2072,-20000
EarthCommissionStylized,RAPID_REVERSE,World,Emissions|CO2,Mt CO2/yr,2073,-20000
EarthCommissionStylized,RAPID_REVERSE,World,Emissions|CO2,Mt CO2/yr,2074,-20000
EarthCommissionStylized,RAPID_REVERSE,World,Emissions|CO2,Mt CO2/yr,2075,-20000
EarthCommissionStylized,RAPID_REVERSE,World,Emissions|CO2,Mt CO2/yr,2076,-20000
EarthCommissionStylized,RAPID_REVERSE,World,Emissions|CO2,Mt CO2/yr,2077,-20000
EarthCommissionStylized,RAPID_REVERSE,World,Emissions|CO2,Mt CO2/yr,2078,-20000
EarthCommissionStylized,RAPID_REVERSE,World,Emissions|CO2,Mt CO2/yr,2079,-20000
EarthCommissionStylized,RAPID_REVERSE,World,Emissions|CO2,Mt CO2/yr,2080,-20000
EarthCommissionStylized,RAPID_REVERSE,World,Emissions|CO2,Mt CO2/yr,2081,-20000
EarthCommissionStylized,RAPID_REVERSE,World,Emissions|CO2,Mt CO2/yr,2082,-20000
EarthCommissionStylized,RAPID_REVERSE,World,Emissions|CO2,Mt CO2/yr,2083,-20000
EarthCommissionStylized,RAPID_REVERSE,World,Emissions|CO2,Mt CO2/yr,2084,-20000
EarthCommissionStylized,RAPID_REVERSE,World,Emissions|CO2,Mt CO2/yr,2085,-20000
EarthCommissionStylized,RAPID_REVERSE,World,Emissions|CO2,Mt CO2/yr,2086,-20000
EarthCommissionStylized,RAPID_REVERSE,World,Emissions|CO2,Mt CO2/yr,2087,-20000
EarthCommissionStylized,RAPID_REVERSE,World,Emissions|CO2,Mt CO2/yr,2088,-20000
EarthCommissionStylized,RAPID_REVERSE,World,Emissions|CO2,Mt CO2/yr,2089,-20000
EarthCommissionStylized,RAPID_REVERSE,World,Emissions|CO2,Mt CO2/yr,2090,-20000
EarthCommissionStylized,RAPID_REVERSE,World,Emissions|CO2,Mt CO2/yr,2091,-20000
EarthCommissionStylized,RAPID_REVERSE,World,Emissions|CO2,Mt CO2/yr,2092,-20000
EarthCommissionStylized,RAPID_REVERSE,World,Emissions|CO2,Mt CO2/yr,2093,-20000
EarthCommissionStylized,RAPID_REVERSE,World,Emissions|CO2,Mt CO2/yr,2094,-20000
EarthCommissionStylized,RAPID_REVERSE,World,Emissions|CO2,Mt CO2/yr,2095,-20000
EarthCommissionStylized,RAPID_REVERSE,World,Emissions|CO2,Mt CO2/yr,2096,-20000
EarthCommissionStylized,RAPID_REVERSE,World,Emissions|CO2,Mt CO2/yr,2097,-20000
EarthCommissionStylized,RAPID_REVERSE,World,Emissions|CO2,Mt CO2/yr,2098,-20000
EarthCommissionStylized,RAPID_REVERSE,World,Emissions|CO2,Mt CO2/yr,2099,-20000
EarthCommissionStylized,RAPID_REVERSE,World,Emissions|CO2,Mt CO2/yr,2100,-20000
EarthCommissionStylized,RAPID_REVERSE,World,Emissions|CO2,Mt CO2/yr,2101,-20000
EarthCommissionStylized,RAPID_REVERSE,World,Emissions|CO2,Mt CO2/yr,2102,-20000
EarthCommissionStylized,RAPID_REVERSE,World,Emissions|CO2,Mt CO2/yr,2103,-20000
EarthCommissionStylized,RAPID_REVERSE,World,Emissions|CO2,Mt CO2/yr,2104,-20000
EarthCommissionStylized,RAPID_REVERSE,World,Emissions|CO2,Mt CO2/yr,2105,-20000
EarthCommissionStylized,RAPID_REVERSE,World,Emissions|CO2,Mt CO2/yr,2106,-20000
EarthCommissionStylized,RAPID_REVERSE,World,Emissions|CO2,Mt CO2/yr,2107,-20000
EarthCommissionStylized,RAPID_REVERSE,World,Emissions|CO2,Mt CO2/yr,2108,-20000
EarthCommissionStylized,RAPID_REVERSE,World,Emissions|CO2,Mt CO2/yr,2109,-20000
EarthCommissionStylized,RAPID_REVERSE,World,Emissions|CO2,Mt CO2/yr,2110,-20000
EarthCommissionStylized,RAPID_REVERSE,World,Emissions|CO2,Mt CO2/yr,2111,-20000
EarthCommissionStylized,RAPID_REVERSE,World,Emissions|CO2,Mt CO2/yr,2112,-20000
EarthCommissionStylized,RAPID_REVERSE,World,Emissions|CO2,Mt CO2/yr,2113,-20000
EarthCommissionStylized,RAPID_REVERSE,World,Emissions|CO2,Mt CO2/yr,2114,-20000
EarthCommissionStylized,RAPID_REVERSE,World,Emissions|CO2,Mt CO2/yr,2115,-20000
EarthCommissionStylized,RAPID_REVERSE,World,Emissions|CO2,Mt CO2/yr,2116,-20000
EarthCommissionStylized,RAPID_REVERSE,World,Emissions|CO2,Mt CO2/yr,2117,-20000
EarthCommissionStylized,RAPID_REVERSE,World,Emissions|CO2,Mt CO2/yr,2118,-20000
EarthCommissionStylized,RAPID_REVERSE,World,Emissions|CO2,Mt CO2/yr,2119,-20000
EarthCommissionStylized,RAPID_REVERSE,World,Emissions|CO2,Mt CO2/yr,2120,-20000
EarthCommissionStylized,RAPID_REVERSE,World,Emissions|CO2,Mt CO2/yr,2121,-20000
EarthCommissionStylized,RAPID_REVERSE,World,Emissions|CO2,Mt CO2/yr,2122,-20000
EarthCommissionStylized,RAPID_REVERSE,World,Emissions|CO2,Mt CO2/yr,2123,-20000
EarthCommissionStylized,RAPID_REVERSE,World,Emissions|CO2,Mt CO2/yr,2124,-20000
EarthCommissionStylized,RAPID_REVERSE,World,Emissions|CO2,Mt CO2/yr,2125,-20000
EarthCommissionStylized,RAPID_REVERSE,World,Emissions|CO2,Mt CO2/yr,2126,-20000
EarthCommissionStylized,RAPID_REVERSE,World,Emissions|CO2,Mt CO2/yr,2127,-20000
EarthCommissionStylized,RAPID_REVERSE,World,Emissions|CO2,Mt CO2/yr,2128,-20000
EarthCommissionStylized,RAPID_REVERSE,World,Emissions|CO2,Mt CO2/yr,2129,-20000
EarthCommissionStylized,RAPID_REVERSE,World,Emissions|CO2,Mt CO2/yr,2130,-20000
EarthCommissionStylized,RAPID_REVERSE,World,Emissions|CO2,Mt CO2/yr,2131,-20000
EarthCommissionStylized,RAPID_REVERSE,World,Emissions|CO2,Mt CO2/yr,2132,-20000
EarthCommissionStylized,RAPID_REVERSE,World,Emissions|CO2,Mt CO2/yr,2133,-20000
EarthCommissionStylized,RAPID_REVERSE,World,Emissions|CO2,Mt CO2/yr,2134,-20000
EarthCommissionStylized,RAPID_REVERSE,World,Emissions|CO2,Mt CO2/yr,2135,-20000
EarthCommissionStylized,RAPID_REVERSE,World,Emissions|CO2,Mt CO2/yr,2136,-20000
EarthCommissionStylized,RAPID_REVERSE,World,Emissions|CO2,Mt CO2/yr,2137,-20000
EarthCommissionStylized,RAPID_REVERSE,World,Emissions|CO2,Mt CO2/yr,2138,-20000
EarthCommissionStylized,RAPID_REVERSE,World,Emissions|CO2,Mt CO2/yr,2139,-20000
EarthCommissionStylized,RAPID_REVERSE,World,Emissions|CO2,Mt CO2/yr,2140,-20000
EarthCommissionStylized,RAPID_REVERSE,World,Emissions|CO2,Mt CO2/yr,2141,-20000
EarthCommissionStylized,RAPID_REVERSE,World,Emissions|CO2,Mt CO2/yr,2142,-20000
EarthCommissionStylized,RAPID_REVERSE,World,Emissions|CO2,Mt CO2/yr,2143,-20000
EarthCommissionStylized,RAPID_REVERSE,World,Emissions|CO2,Mt CO2/yr,2144,-20000
EarthCommissionStylized,RAPID_REVERSE,World,Emissions|CO2,Mt CO2/yr,2145,-20000
EarthCommissionStylized,RAPID_REVERSE,World,Emissions|CO2,Mt CO2/yr,2146,-20000
EarthCommissionStylized,RAPID_REVERSE,World,Emissions|CO2,Mt CO2/yr,2147,-20000
EarthCommissionStylized,RAPID_REVERSE,World,Emissions|CO2,Mt CO2/yr,2148,-20000
EarthCommissionStylized,RAPID_REVERSE,World,Emissions|CO2,Mt CO2/yr,2149,-20000
EarthCommissionStylized,RAPID_REVERSE,World,Emissions|CO2,Mt CO2/yr,2150,-20000
EarthCommissionStylized,WW,World,Emissions|CO2,Mt CO2/yr,2015,40200
EarthCommissionStylized,WW,World,Emissions|CO2,Mt CO2/yr,2016,39100
EarthCommissionStylized,WW,World,Emissions|CO2,Mt CO2/yr,2017,39500
EarthCommissionStylized,WW,World,Emissions|CO2,Mt CO2/yr,2018,39800
EarthCommissionStylized,WW,World,Emissions|CO2,Mt CO2/yr,2019,39800
EarthCommissionStylized,WW,World,Emissions|CO2,Mt CO2/yr,2020,37800
EarthCommissionStylized,WW,World,Emissions|CO2,Mt CO2/yr,2021,39900
EarthCommissionStylized,WW,World,Emissions|CO2,Mt CO2/yr,2022,39800
EarthCommissionStylized,WW,World,Emissions|CO2,Mt CO2/yr,2023,39866.666666666664
EarthCommissionStylized,WW,World,Emissions|CO2,Mt CO2/yr,2024,39933.333333333336
EarthCommissionStylized,WW,World,Emissions|CO2,Mt CO2/yr,2025,40000
EarthCommissionStylized,WW,World,Emissions|CO2,Mt CO2/yr,2026,37500
EarthCommissionStylized,WW,World,Emissions|CO2,Mt CO2/yr,2027,35000
EarthCommissionStylized,WW,World,Emissions|CO2,Mt CO2/yr,2028,32500
EarthCommissionStylized,WW,World,Emissions|CO2,Mt CO2/yr,2029,30000
EarthCommissionStylized,WW,World,Emissions|CO2,Mt CO2/yr,2030,27500
EarthCommissionStylized,WW,World,Emissions|CO2,Mt CO2/yr,2031,25000
EarthCommissionStylized,WW,World,Emissions|CO2,Mt CO2/yr,2032,22500
EarthCommissionStylized,WW,World,Emissions|CO2,Mt CO2/yr,2033,20000
EarthCommissionStylized,WW,World,Emissions|CO2,Mt CO2/yr,2034,18888.88888888889
EarthCommissionStylized,WW,World,Emissions|CO2,Mt CO2/yr,2035,17777.777777777777
EarthCommissionStylized,WW,World,Emissions|CO2,Mt CO2/yr,2036,16666.666666666668
EarthCommissionStylized,WW,World,Emissions|CO2,Mt CO2/yr,2037,15555.555555555555
EarthCommissionStylized,WW,World,Emissions|CO2,Mt CO2/yr,2038,14444.444444444445
EarthCommissionStylized,WW,World,Emissions|CO2,Mt CO2/yr,2039,13333.333333333334
EarthCommissionStylized,WW,World,Emissions|CO2,Mt CO2/yr,2040,12222.222222222223
EarthCommissionStylized,WW,World,Emissions|CO2,Mt CO2/yr,2041,11111.111111111111
EarthCommissionStylized,WW,World,Emissions|CO2,Mt CO2/yr,2042,10000
EarthCommissionStylized,WW,World,Emissions|CO2,Mt CO2/yr,2043,8750
EarthCommissionStylized,WW,World,Emissions|CO2,Mt CO2/yr,2044,7500
EarthCommissionStylized,WW,World,Emissions|CO2,Mt CO2/yr,2045,6250
EarthCommissionStylized,WW,World,Emissions|CO2,Mt CO2/yr,2046,5000
EarthCommissionStylized,WW,World,Emissions|CO2,Mt CO2/yr,2047,3750
EarthCommissionStylized,WW,World,Emissions|CO2,Mt CO2/yr,2048,2500
EarthCommissionStylized,WW,World,Emissions|CO2,Mt CO2/yr,2049,1250
EarthCommissionStylized,WW,World,Emissions|CO2,Mt CO2/yr,2050,0
EarthCommissionStylized,WW,World,Emissions|CO2,Mt CO2/yr,2051,-250
EarthCommissionStylized,WW,World,Emissions|CO2,Mt CO2/yr,2052,-500
EarthCommissionStylized,WW,World,Emissions|CO2,Mt CO2/yr,2053,-750
EarthCommissionStylized,WW,World,Emissions|CO2,Mt CO2/yr,2054,-1000
EarthCommissionStylized,WW,World,Emissions|CO2,Mt CO2/yr,2055,-1250
EarthCommissionStylized,WW,World,Emissions|CO2,Mt CO2/yr,2056,-1500
EarthCommissionStylized,WW,World,Emissions|CO2,Mt CO2/yr,2057,-1750
EarthCommissionStylized,WW,World,Emissions|CO2,Mt CO2/yr,2058,-2000
EarthCommissionStylized,WW,World,Emissions|CO2,Mt CO2/yr,2059,-2250
EarthCommissionStylized,WW,World,Emissions|CO2,Mt CO2/yr,2060,-2500
EarthCommissionStylized,WW,World,Emissions|CO2,Mt CO2/yr,2061,-2750
EarthCommissionStylized,WW,World,Emissions|CO2,Mt CO2/yr,2062,-3000
EarthCommissionStylized,WW,World,Emissions|CO2,Mt CO2/yr,2063,-3250
EarthCommissionStylized,WW,World,Emissions|CO2,Mt CO2/yr,2064,-3500
EarthCommissionStylized,WW,World,Emissions|CO2,Mt CO2/yr,2065,-3750
EarthCommissionStylized,WW,World,Emissions|CO2,Mt CO2/yr,2066,-4000
EarthCommissionStylized,WW,World,Emissions|CO2,Mt CO2/yr,2067,-4250
EarthCommissionStylized,WW,World,Emissions|CO2,Mt CO2/yr,2068,-4500
EarthCommissionStylized,WW,World,Emissions|CO2,Mt CO2/yr,2069,-4750
EarthCommissionStylized,WW,World,Emissions|CO2,Mt CO2/yr,2070,-5000
EarthCommissionStylized,WW,World,Emissions|CO2,Mt CO2/yr,2071,-5166.666666666667
EarthCommissionStylized,WW,World,Emissions|CO2,Mt CO2/yr,2072,-5333.333333333333
EarthCommissionStylized,WW,World,Emissions|CO2,Mt CO2/yr,2073,-5500
EarthCommissionStylized,WW,World,Emissions|CO2,Mt CO2/yr,2074,-5666.666666666667
EarthCommissionStylized,WW,World,Emissions|CO2,Mt CO2/yr,2075,-5833.333333333333
EarthCommissionStylized,WW,World,Emissions|CO2,Mt CO2/yr,2076,-6000
EarthCommissionStylized,WW,World,Emissions|CO2,Mt CO2/yr,2077,-6166.666666666667
EarthCommissionStylized,WW,World,Emissions|CO2,Mt CO2/yr,2078,-6333.333333333333
EarthCommissionStylized,WW,World,Emissions|CO2,Mt CO2/yr,2079,-6500
EarthCommissionStylized,WW,World,Emissions|CO2,Mt CO2/yr,2080,-6666.666666666666
EarthCommissionStylized,WW,World,Emissions|CO2,Mt CO2/yr,2081,-6833.333333333333
EarthCommissionStylized,WW,World,Emissions|CO2,Mt CO2/yr,2082,-7000
EarthCommissionStylized,WW,World,Emissions|CO2,Mt CO2/yr,2083,-7166.666666666666
EarthCommissionStylized,WW,World,Emissions|CO2,Mt CO2/yr,2084,-7333.333333333334
EarthCommissionStylized,WW,World,Emissions|CO2,Mt CO2/yr,2085,-7500
EarthCommissionStylized,WW,World,Emissions|CO2,Mt CO2/yr,2086,-7666.666666666666
EarthCommissionStylized,WW,World,Emissions|CO2,Mt CO2/yr,2087,-7833.333333333334
EarthCommissionStylized,WW,World,Emissions|CO2,Mt CO2/yr,2088,-8000
EarthCommissionStylized,WW,World,Emissions|CO2,Mt CO2/yr,2089,-8166.666666666666
EarthCommissionStylized,WW,World,Emissions|CO2,Mt CO2/yr,2090,-8333.333333333332
EarthCommissionStylized,WW,World,Emissions|CO2,Mt CO2/yr,2091,-8500
EarthCommissionStylized,WW,World,Emissions|CO2,Mt CO2/yr,2092,-8666.666666666666
EarthCommissionStylized,WW,World,Emissions|CO2,Mt CO2/yr,2093,-8833.333333333334
EarthCommissionStylized,WW,World,Emissions|CO2,Mt CO2/yr,2094,-9000
EarthCommissionStylized,WW,World,Emissions|CO2,Mt CO2/yr,2095,-9166.666666666668
EarthCommissionStylized,WW,World,Emissions|CO2,Mt CO2/yr,2096,-9333.333333333332
EarthCommissionStylized,WW,World,Emissions|CO2,Mt CO2/yr,2097,-9500
EarthCommissionStylized,WW,World,Emissions|CO2,Mt CO2/yr,2098,-9666.666666666668
EarthCommissionStylized,WW,World,Emissions|CO2,Mt CO2/yr,2099,-9833.333333333332
EarthCommissionStylized,WW,World,Emissions|CO2,Mt CO2/yr,2100,-10000
EarthCommissionStylized,WW,World,Emissions|CO2,Mt CO2/yr,2101,-10000
EarthCommissionStylized,WW,World,Emissions|CO2,Mt CO2/yr,2102,-10000
EarthCommissionStylized,WW,World,Emissions|CO2,Mt CO2/yr,2103,-10000
EarthCommissionStylized,WW,World,Emissions|CO2,Mt CO2/yr,2104,-10000
EarthCommissionStylized,WW,World,Emissions|CO2,Mt CO2/yr,2105,-10000
EarthCommissionStylized,WW,World,Emissions|CO2,Mt CO2/yr,2106,-10000
EarthCommissionStylized,WW,World,Emissions|CO2,Mt CO2/yr,2107,-10000
EarthCommissionStylized,WW,World,Emissions|CO2,Mt CO2/yr,2108,-10000
EarthCommissionStylized,WW,World,Emissions|CO2,Mt CO2/yr,2109,-10000
EarthCommissionStylized,WW,World,Emissions|CO2,Mt CO2/yr,2110,-10000
EarthCommissionStylized,WW,World,Emissions|CO2,Mt CO2/yr,2111,-10000
EarthCommissionStylized,WW,World,Emissions|CO2,Mt CO2/yr,2112,-10000
EarthCommissionStylized,WW,World,Emissions|CO2,Mt CO2/yr,2113,-10000
EarthCommissionStylized,WW,World,Emissions|CO2,Mt CO2/yr,2114,-10000
EarthCommissionStylized,WW,World,Emissions|CO2,Mt CO2/yr,2115,-10000
EarthCommissionStylized,WW,World,Emissions|CO2,Mt CO2/yr,2116,-10000
EarthCommissionStylized,WW,World,Emissions|CO2,Mt CO2/yr,2117,-10000
EarthCommissionStylized,WW,World,Emissions|CO2,Mt CO2/yr,2118,-10000
EarthCommissionStylized,WW,World,Emissions|CO2,Mt CO2/yr,2119,-10000
EarthCommissionStylized,WW,World,Emissions|CO2,Mt CO2/yr,2120,-10000
EarthCommissionStylized,WW,World,Emissions|CO2,Mt CO2/yr,2121,-10000
EarthCommissionStylized,WW,World,Emissions|CO2,Mt CO2/yr,2122,-10000
EarthCommissionStylized,WW,World,Emissions|CO2,Mt CO2/yr,2123,-10000
EarthCommissionStylized,WW,World,Emissions|CO2,Mt CO2/yr,2124,-10000
EarthCommissionStylized,WW,World,Emissions|CO2,Mt CO2/yr,2125,-10000
EarthCommissionStylized,WW,World,Emissions|CO2,Mt CO2/yr,2126,-10000
EarthCommissionStylized,WW,World,Emissions|CO2,Mt CO2/yr,2127,-10000
EarthCommissionStylized,WW,World,Emissions|CO2,Mt CO2/yr,2128,-10000
EarthCommissionStylized,WW,World,Emissions|CO2,Mt CO2/yr,2129,-10000
EarthCommissionStylized,WW,World,Emissions|CO2,Mt CO2/yr,2130,-10000
EarthCommissionStylized,WW,World,Emissions|CO2,Mt CO2/yr,2131,-10000
EarthCommissionStylized,WW,World,Emissions|CO2,Mt CO2/yr,2132,-10000
EarthCommissionStylized,WW,World,Emissions|CO2,Mt CO2/yr,2133,-10000
EarthCommissionStylized,WW,World,Emissions|CO2,Mt CO2/yr,2134,-10000
EarthCommissionStylized,WW,World,Emissions|CO2,Mt CO2/yr,2135,-10000
EarthCommissionStylized,WW,World,Emissions|CO2,Mt CO2/yr,2136,-10000
EarthCommissionStylized,WW,World,Emissions|CO2,Mt CO2/yr,2137,-10000
EarthCommissionStylized,WW,World,Emissions|CO2,Mt CO2/yr,2138,-10000
EarthCommissionStylized,WW,World,Emissions|CO2,Mt CO2/yr,2139,-10000
EarthCommissionStylized,WW,World,Emissions|CO2,Mt CO2/yr,2140,-10000
EarthCommissionStylized,WW,World,Emissions|CO2,Mt CO2/yr,2141,-10000
EarthCommissionStylized,WW,World,Emissions|CO2,Mt CO2/yr,2142,-10000
EarthCommissionStylized,WW,World,Emissions|CO2,Mt CO2/yr,2143,-10000
EarthCommissionStylized,WW,World,Emissions|CO2,Mt CO2/yr,2144,-10000
EarthCommissionStylized,WW,World,Emissions|CO2,Mt CO2/yr,2145,-10000
EarthCommissionStylized,WW,World,Emissions|CO2,Mt CO2/yr,2146,-10000
EarthCommissionStylized,WW,World,Emissions|CO2,Mt CO2/yr,2147,-10000
EarthCommissionStylized,WW,World,Emissions|CO2,Mt CO2/yr,2148,-10000
EarthCommissionStylized,WW,World,Emissions|CO2,Mt CO2/yr,2149,-10000
EarthCommissionStylized,WW,World,Emissions|CO2,Mt CO2/yr,2150,-10000
